,date,division,inflation_yoy,inflation_mom
0,2018-02-01,overall,,0.2
1,2018-03-01,overall,,0.0
2,2018-04-01,overall,,0.1
3,2018-05-01,overall,,0.2
4,2018-06-01,overall,,-1.4
5,2018-07-01,overall,,0.0
6,2018-08-01,overall,,0.3
7,2018-09-01,overall,,0.6
8,2018-10-01,overall,,0.2
9,2018-11-01,overall,,0.3
10,2018-12-01,overall,,0.0
11,2019-01-01,overall,0.2,-0.1
12,2019-02-01,overall,0.3,0.3
13,2019-03-01,overall,0.5,0.3
14,2019-04-01,overall,0.5,0.1
15,2019-05-01,overall,0.4,0.1
16,2019-06-01,overall,1.9,0.0
17,2019-07-01,overall,2.0,0.1
18,2019-08-01,overall,2.0,0.3
19,2019-09-01,overall,1.5,0.2
20,2019-10-01,overall,1.4,0.1
21,2019-11-01,overall,1.4,0.3
22,2019-12-01,overall,1.4,0.0
23,2020-01-01,overall,1.6,0.1
24,2020-02-01,overall,1.3,-0.1
25,2020-03-01,overall,1.3,0.2
26,2020-04-01,overall,1.3,0.1
27,2020-05-01,overall,1.1,-0.1
28,2020-06-01,overall,1.2,0.1
29,2020-07-01,overall,1.1,0.0
30,2020-08-01,overall,1.1,0.2
31,2020-09-01,overall,1.0,0.1
32,2020-10-01,overall,0.8,-0.1
33,2020-11-01,overall,0.7,0.1
34,2020-12-01,overall,0.7,0.0
35,2021-01-01,overall,0.7,0.1
36,2021-02-01,overall,0.7,0.0
37,2021-03-01,overall,0.7,0.2
38,2021-04-01,overall,0.7,0.1
39,2021-05-01,overall,0.8,0.1
40,2021-06-01,overall,0.7,0.0
41,2021-07-01,overall,0.7,-0.1
42,2021-08-01,overall,0.6,0.2
43,2021-09-01,overall,0.6,0.1
44,2021-10-01,overall,0.7,0.0
45,2021-11-01,overall,0.9,0.3
46,2021-12-01,overall,1.1,0.2
47,2022-01-01,overall,1.6,0.6
48,2022-02-01,overall,1.8,0.2
49,2022-03-01,overall,2.0,0.3
50,2022-04-01,overall,2.1,0.2
51,2022-05-01,overall,2.4,0.4
52,2022-06-01,overall,3.0,0.6
53,2022-07-01,overall,3.4,0.3
54,2022-08-01,overall,3.8,0.6
55,2022-09-01,overall,4.0,0.3
56,2022-10-01,overall,4.1,0.1
57,2022-11-01,overall,4.2,0.4
58,2022-12-01,overall,4.1,0.1
59,2023-01-01,overall,3.9,0.4
60,2023-02-01,overall,3.9,0.2
61,2023-03-01,overall,3.8,0.2
62,2023-04-01,overall,3.6,0.0
63,2023-05-01,overall,3.5,0.3
64,2023-06-01,overall,3.1,0.2
65,2023-07-01,overall,2.8,0.0
66,2023-08-01,overall,2.5,0.2
67,2023-09-01,overall,2.5,0.3
68,2023-10-01,overall,2.4,0.0
69,2023-11-01,overall,2.0,0.0
70,2023-12-01,overall,1.9,0.0
71,2024-01-01,overall,1.8,0.3
72,2024-02-01,overall,1.8,0.2
73,2024-03-01,overall,1.7,0.2
74,2024-04-01,overall,1.9,0.2
75,2024-05-01,overall,1.9,0.4
76,2024-06-01,overall,1.9,0.1
77,2024-07-01,overall,1.9,0.1
78,2024-08-01,overall,1.9,0.2
79,2024-09-01,overall,1.8,0.2
80,2024-10-01,overall,1.8,0.0
81,2024-11-01,overall,1.8,0.0
82,2024-12-01,overall,1.6,-0.2
83,2025-01-01,overall,1.8,0.5
84,2025-02-01,overall,1.9,0.4
85,2025-03-01,overall,1.9,0.2
86,2025-04-01,overall,2.0,0.2
87,2025-05-01,overall,1.8,0.2
88,2025-06-01,overall,1.8,0.1
89,2025-07-01,overall,1.8,0.1
90,2025-08-01,overall,2.0,0.4
91,2025-09-01,overall,2.1,0.3
92,2025-10-01,overall,2.2,0.1
93,2025-11-01,overall,2.2,0.0
94,2025-12-01,overall,2.3,-0.1
95,2026-01-01,overall,2.3,0.4
96,2026-02-01,overall,2.0,0.1
97,2026-03-01,overall,2.1,0.2
98,2026-04-01,overall,2.0,0.1
99,2026-05-01,overall,2.0,0.1
100,2026-06-01,overall,1.9,0.0
101,2026-07-01,overall,1.8,0.0
102,2018-02-01,01,,0.2
103,2018-03-01,01,,0.2
104,2018-04-01,01,,0.2
105,2018-05-01,01,,0.2
106,2018-06-01,01,,-1.6
107,2018-07-01,01,,0.1
108,2018-08-01,01,,0.2
109,2018-09-01,01,,0.8
110,2018-10-01,01,,0.3
111,2018-11-01,01,,0.5
112,2018-12-01,01,,0.1
113,2019-01-01,01,1.6,0.5
114,2019-02-01,01,1.7,0.3
115,2019-03-01,01,1.7,0.2
116,2019-04-01,01,1.6,0.1
117,2019-05-01,01,1.5,0.1
118,2019-06-01,01,3.0,-0.1
119,2019-07-01,01,3.1,0.2
120,2019-08-01,01,3.1,0.2
121,2019-09-01,01,2.4,0.1
122,2019-10-01,01,2.1,0.1
123,2019-11-01,01,1.8,0.2
124,2019-12-01,01,1.8,0.1
125,2020-01-01,01,1.4,0.2
126,2020-02-01,01,1.2,0.2
127,2020-03-01,01,1.2,0.2
128,2020-04-01,01,1.1,-0.1
129,2020-05-01,01,1.1,0.1
130,2020-06-01,01,1.3,0.2
131,2020-07-01,01,1.2,0.1
132,2020-08-01,01,1.4,0.3
133,2020-09-01,01,1.4,0.1
134,2020-10-01,01,1.3,0.0
135,2020-11-01,01,1.2,0.1
136,2020-12-01,01,1.2,0.1
137,2021-01-01,01,1.2,0.2
138,2021-02-01,01,1.1,0.1
139,2021-03-01,01,1.1,0.2
140,2021-04-01,01,1.3,0.1
141,2021-05-01,01,1.3,0.1
142,2021-06-01,01,1.2,0.1
143,2021-07-01,01,1.1,0.0
144,2021-08-01,01,0.9,0.1
145,2021-09-01,01,1.0,0.2
146,2021-10-01,01,1.2,0.2
147,2021-11-01,01,1.6,0.4
148,2021-12-01,01,2.1,0.6
149,2022-01-01,01,2.8,0.8
150,2022-02-01,01,3.2,0.4
151,2022-03-01,01,3.5,0.4
152,2022-04-01,01,3.8,0.4
153,2022-05-01,01,4.4,0.7
154,2022-06-01,01,5.6,1.2
155,2022-07-01,01,6.8,1.1
156,2022-08-01,01,7.3,0.6
157,2022-09-01,01,7.5,0.3
158,2022-10-01,01,7.9,0.6
159,2022-11-01,01,8.2,0.7
160,2022-12-01,01,8.1,0.5
161,2023-01-01,01,7.8,0.5
162,2023-02-01,01,7.6,0.3
163,2023-03-01,01,7.5,0.3
164,2023-04-01,01,7.2,0.1
165,2023-05-01,01,7.1,0.5
166,2023-06-01,01,6.0,0.1
167,2023-07-01,01,5.4,0.6
168,2023-08-01,01,5.1,0.3
169,2023-09-01,01,5.1,0.3
170,2023-10-01,01,4.8,0.3
171,2023-11-01,01,3.7,-0.3
172,2023-12-01,01,3.2,0.0
173,2024-01-01,01,2.9,0.3
174,2024-02-01,01,3.1,0.5
175,2024-03-01,01,3.0,0.2
176,2024-04-01,01,3.2,0.4
177,2024-05-01,01,2.9,0.2
178,2024-06-01,01,2.8,0.0
179,2024-07-01,01,2.7,0.5
180,2024-08-01,01,2.7,0.3
181,2024-09-01,01,2.3,0.0
182,2024-10-01,01,3.2,1.2
183,2024-11-01,01,3.7,0.1
184,2024-12-01,01,3.9,0.2
185,2025-01-01,01,4.0,0.4
186,2025-02-01,01,3.8,0.2
187,2025-03-01,01,3.7,0.1
188,2025-04-01,01,3.6,0.3
189,2025-05-01,01,3.6,0.2
190,2025-06-01,01,3.8,0.2
191,2025-07-01,01,3.5,0.3
192,2025-08-01,01,3.4,0.2
193,2025-09-01,01,3.6,0.1
194,2025-10-01,01,2.5,0.2
195,2025-11-01,01,2.4,0.0
196,2025-12-01,01,2.2,0.0
197,2026-01-01,01,2.0,0.2
198,2026-02-01,01,1.9,0.1
199,2026-03-01,01,1.8,0.1
200,2026-04-01,01,2.0,0.4
201,2026-05-01,01,1.9,0.1
202,2026-06-01,01,1.9,0.2
203,2026-07-01,01,1.9,0.2
204,2018-02-01,02,,
205,2018-03-01,02,,
206,2018-04-01,02,,
207,2018-05-01,02,,
208,2018-06-01,02,,
209,2018-07-01,02,,
210,2018-08-01,02,,
211,2018-09-01,02,,
212,2018-10-01,02,,
213,2018-11-01,02,,
214,2018-12-01,02,,
215,2019-01-01,02,,
216,2019-02-01,02,,
217,2019-03-01,02,,
218,2019-04-01,02,,
219,2019-05-01,02,,
220,2019-06-01,02,,
221,2019-07-01,02,,
222,2019-08-01,02,,
223,2019-09-01,02,,
224,2019-10-01,02,,
225,2019-11-01,02,,
226,2019-12-01,02,,
227,2020-01-01,02,,
228,2020-02-01,02,,
229,2020-03-01,02,,
230,2020-04-01,02,,
231,2020-05-01,02,,
232,2020-06-01,02,,
233,2020-07-01,02,,
234,2020-08-01,02,,
235,2020-09-01,02,,
236,2020-10-01,02,,
237,2020-11-01,02,,
238,2020-12-01,02,,
239,2021-01-01,02,,
240,2021-02-01,02,,
241,2021-03-01,02,,
242,2021-04-01,02,,
243,2021-05-01,02,,
244,2021-06-01,02,,
245,2021-07-01,02,,
246,2021-08-01,02,,
247,2021-09-01,02,,
248,2021-10-01,02,,
249,2021-11-01,02,,
250,2021-12-01,02,,
251,2022-01-01,02,,
252,2022-02-01,02,,
253,2022-03-01,02,,
254,2022-04-01,02,,
255,2022-05-01,02,,
256,2022-06-01,02,,
257,2022-07-01,02,,
258,2022-08-01,02,,
259,2022-09-01,02,,
260,2022-10-01,02,,
261,2022-11-01,02,,
262,2022-12-01,02,,
263,2023-01-01,02,,
264,2023-02-01,02,,
265,2023-03-01,02,,
266,2023-04-01,02,,
267,2023-05-01,02,,
268,2023-06-01,02,,
269,2023-07-01,02,,
270,2023-08-01,02,,
271,2023-09-01,02,,
272,2023-10-01,02,,
273,2023-11-01,02,,
274,2023-12-01,02,,
275,2024-01-01,02,,
276,2024-02-01,02,,
277,2024-03-01,02,,
278,2024-04-01,02,,
279,2024-05-01,02,,
280,2024-06-01,02,,
281,2024-07-01,02,,
282,2024-08-01,02,,
283,2024-09-01,02,,
284,2024-10-01,02,,
285,2024-11-01,02,,
286,2024-12-01,02,,
287,2025-01-01,02,,
288,2025-02-01,02,,
289,2025-03-01,02,,
290,2025-04-01,02,,
291,2025-05-01,02,,
292,2025-06-01,02,,
293,2025-07-01,02,,
294,2025-08-01,02,,
295,2025-09-01,02,,
296,2025-10-01,02,,
297,2025-11-01,02,,
298,2025-12-01,02,,
299,2026-01-01,02,,
300,2026-02-01,02,,
301,2026-03-01,02,,
302,2026-04-01,02,,
303,2026-05-01,02,,
304,2026-06-01,02,,
305,2026-07-01,02,,
306,2018-02-01,03,,-0.2
307,2018-03-01,03,,-0.1
308,2018-04-01,03,,0.1
309,2018-05-01,03,,-0.1
310,2018-06-01,03,,-2.6
311,2018-07-01,03,,-0.1
312,2018-08-01,03,,0.0
313,2018-09-01,03,,-0.1
314,2018-10-01,03,,0.0
315,2018-11-01,03,,-0.1
316,2018-12-01,03,,-0.2
317,2019-01-01,03,-3.3,0.1
318,2019-02-01,03,-3.2,-0.1
319,2019-03-01,03,-3.0,0.1
320,2019-04-01,03,-3.2,-0.1
321,2019-05-01,03,-3.2,-0.1
322,2019-06-01,03,-0.7,-0.1
323,2019-07-01,03,-1.1,-0.4
324,2019-08-01,03,-1.1,0.0
325,2019-09-01,03,-0.9,0.0
326,2019-10-01,03,-1.3,-0.3
327,2019-11-01,03,-1.1,0.1
328,2019-12-01,03,-1.0,-0.1
329,2020-01-01,03,-1.2,-0.1
330,2020-02-01,03,-1.1,0.0
331,2020-03-01,03,-1.3,-0.1
332,2020-04-01,03,-1.2,0.0
333,2020-05-01,03,-1.1,0.0
334,2020-06-01,03,-1.1,-0.1
335,2020-07-01,03,-0.6,0.0
336,2020-08-01,03,-0.6,0.0
337,2020-09-01,03,-0.6,0.0
338,2020-10-01,03,-0.4,-0.1
339,2020-11-01,03,-0.5,0.0
340,2020-12-01,03,-0.4,0.0
341,2021-01-01,03,-0.4,-0.1
342,2021-02-01,03,-0.4,0.0
343,2021-03-01,03,-0.3,0.0
344,2021-04-01,03,-0.4,-0.1
345,2021-05-01,03,-0.5,-0.1
346,2021-06-01,03,-0.4,0.0
347,2021-07-01,03,-0.4,0.0
348,2021-08-01,03,-0.4,0.0
349,2021-09-01,03,-0.5,-0.1
350,2021-10-01,03,-0.4,0.0
351,2021-11-01,03,-0.5,-0.1
352,2021-12-01,03,-0.4,0.1
353,2022-01-01,03,-0.3,0.0
354,2022-02-01,03,-0.2,0.1
355,2022-03-01,03,-0.3,-0.1
356,2022-04-01,03,-0.2,0.0
357,2022-05-01,03,0.0,0.1
358,2022-06-01,03,0.2,0.2
359,2022-07-01,03,0.3,0.1
360,2022-08-01,03,0.3,0.0
361,2022-09-01,03,0.4,0.0
362,2022-10-01,03,0.4,0.0
363,2022-11-01,03,0.5,0.0
364,2022-12-01,03,0.4,0.0
365,2023-01-01,03,0.5,0.1
366,2023-02-01,03,0.4,0.0
367,2023-03-01,03,0.5,0.0
368,2023-04-01,03,0.5,0.0
369,2023-05-01,03,0.4,0.0
370,2023-06-01,03,0.1,-0.1
371,2023-07-01,03,0.1,0.1
372,2023-08-01,03,0.0,-0.1
373,2023-09-01,03,0.1,0.1
374,2023-10-01,03,0.0,-0.1
375,2023-11-01,03,0.0,0.0
376,2023-12-01,03,0.0,0.0
377,2024-01-01,03,-0.2,-0.1
378,2024-02-01,03,-0.2,0.0
379,2024-03-01,03,-0.2,0.0
380,2024-04-01,03,-0.3,-0.1
381,2024-05-01,03,-0.2,0.1
382,2024-06-01,03,-0.1,0.0
383,2024-07-01,03,-0.2,0.0
384,2024-08-01,03,-0.2,-0.1
385,2024-09-01,03,-0.3,0.0
386,2024-10-01,03,-0.2,0.0
387,2024-11-01,03,-0.3,-0.1
388,2024-12-01,03,-0.5,-0.2
389,2025-01-01,03,-0.3,0.1
390,2025-02-01,03,-0.2,0.1
391,2025-03-01,03,-0.2,0.0
392,2025-04-01,03,-0.1,0.0
393,2025-05-01,03,-0.2,0.0
394,2025-06-01,03,-0.3,-0.1
395,2025-07-01,03,-0.2,0.1
396,2025-08-01,03,-0.1,0.0
397,2025-09-01,03,-0.2,-0.1
398,2025-10-01,03,-0.3,-0.1
399,2025-11-01,03,-0.1,0.1
400,2025-12-01,03,0.1,0.0
401,2026-01-01,03,0.0,0.0
402,2026-02-01,03,0.0,0.1
403,2026-03-01,03,-0.1,-0.1
404,2026-04-01,03,-0.1,0.0
405,2026-05-01,03,-0.1,0.0
406,2026-06-01,03,0.0,0.0
407,2026-07-01,03,0.1,0.2
408,2018-02-01,04,,0.7
409,2018-03-01,04,,0.0
410,2018-04-01,04,,0.0
411,2018-05-01,04,,0.7
412,2018-06-01,04,,-0.1
413,2018-07-01,04,,0.0
414,2018-08-01,04,,0.7
415,2018-09-01,04,,0.0
416,2018-10-01,04,,0.0
417,2018-11-01,04,,0.3
418,2018-12-01,04,,0.0
419,2019-01-01,04,2.3,0.0
420,2019-02-01,04,2.3,0.6
421,2019-03-01,04,2.3,0.0
422,2019-04-01,04,2.3,0.0
423,2019-05-01,04,2.0,0.3
424,2019-06-01,04,2.0,0.0
425,2019-07-01,04,2.1,0.1
426,2019-08-01,04,1.9,0.6
427,2019-09-01,04,1.9,0.0
428,2019-10-01,04,2.0,0.1
429,2019-11-01,04,2.1,0.4
430,2019-12-01,04,2.1,0.0
431,2020-01-01,04,2.2,0.1
432,2020-02-01,04,1.9,0.4
433,2020-03-01,04,1.9,0.0
434,2020-04-01,04,1.9,0.0
435,2020-05-01,04,1.4,-0.2
436,2020-06-01,04,1.4,0.0
437,2020-07-01,04,1.4,0.0
438,2020-08-01,04,1.0,0.2
439,2020-09-01,04,1.0,0.0
440,2020-10-01,04,0.9,0.0
441,2020-11-01,04,0.6,0.1
442,2020-12-01,04,0.6,0.0
443,2021-01-01,04,0.5,0.0
444,2021-02-01,04,0.4,0.3
445,2021-03-01,04,0.4,0.0
446,2021-04-01,04,0.4,0.0
447,2021-05-01,04,0.6,0.1
448,2021-06-01,04,0.6,0.0
449,2021-07-01,04,0.6,0.0
450,2021-08-01,04,0.6,0.1
451,2021-09-01,04,0.6,0.1
452,2021-10-01,04,0.6,0.0
453,2021-11-01,04,0.8,0.2
454,2021-12-01,04,0.9,0.1
455,2022-01-01,04,0.9,0.0
456,2022-02-01,04,0.9,0.4
457,2022-03-01,04,0.9,0.0
458,2022-04-01,04,1.0,0.1
459,2022-05-01,04,1.3,0.4
460,2022-06-01,04,1.4,0.1
461,2022-07-01,04,1.4,0.0
462,2022-08-01,04,1.9,0.5
463,2022-09-01,04,1.8,0.0
464,2022-10-01,04,1.8,0.0
465,2022-11-01,04,1.8,0.2
466,2022-12-01,04,1.7,0.0
467,2023-01-01,04,1.7,0.0
468,2023-02-01,04,1.9,0.6
469,2023-03-01,04,1.9,0.0
470,2023-04-01,04,1.9,0.0
471,2023-05-01,04,2.1,0.6
472,2023-06-01,04,2.0,0.0
473,2023-07-01,04,2.0,0.0
474,2023-08-01,04,1.7,0.2
475,2023-09-01,04,1.8,0.1
476,2023-10-01,04,1.8,0.0
477,2023-11-01,04,1.8,0.3
478,2023-12-01,04,1.8,0.0
479,2024-01-01,04,1.8,0.0
480,2024-02-01,04,1.5,0.3
481,2024-03-01,04,1.5,0.0
482,2024-04-01,04,1.5,0.0
483,2024-05-01,04,1.7,0.8
484,2024-06-01,04,1.7,0.0
485,2024-07-01,04,1.7,0.0
486,2024-08-01,04,1.7,0.2
487,2024-09-01,04,1.6,0.0
488,2024-10-01,04,1.6,0.0
489,2024-11-01,04,1.7,0.4
490,2024-12-01,04,1.7,0.0
491,2025-01-01,04,1.8,0.1
492,2025-02-01,04,2.3,0.8
493,2025-03-01,04,2.3,0.0
494,2025-04-01,04,2.4,0.1
495,2025-05-01,04,2.1,0.4
496,2025-06-01,04,2.1,0.0
497,2025-07-01,04,2.1,0.0
498,2025-08-01,04,2.2,0.3
499,2025-09-01,04,2.2,0.0
500,2025-10-01,04,2.2,0.0
501,2025-11-01,04,2.1,0.3
502,2025-12-01,04,2.1,0.0
503,2026-01-01,04,2.0,0.1
504,2026-02-01,04,1.6,0.4
505,2026-03-01,04,1.6,0.0
506,2026-04-01,04,1.5,0.0
507,2026-05-01,04,1.4,0.3
508,2026-06-01,04,1.4,0.0
509,2026-07-01,04,1.4,0.0
510,2018-02-01,05,,-0.1
511,2018-03-01,05,,0.1
512,2018-04-01,05,,0.1
513,2018-05-01,05,,0.0
514,2018-06-01,05,,-2.4
515,2018-07-01,05,,0.0
516,2018-08-01,05,,0.1
517,2018-09-01,05,,1.0
518,2018-10-01,05,,0.4
519,2018-11-01,05,,0.3
520,2018-12-01,05,,0.2
521,2019-01-01,05,-0.3,0.2
522,2019-02-01,05,0.1,0.3
523,2019-03-01,05,0.3,0.3
524,2019-04-01,05,0.2,0.0
525,2019-05-01,05,0.5,0.3
526,2019-06-01,05,3.1,0.1
527,2019-07-01,05,3.3,0.2
528,2019-08-01,05,3.2,0.0
529,2019-09-01,05,2.1,-0.1
530,2019-10-01,05,1.7,0.0
531,2019-11-01,05,1.5,0.1
532,2019-12-01,05,1.4,0.1
533,2020-01-01,05,1.2,0.0
534,2020-02-01,05,1.0,0.1
535,2020-03-01,05,0.8,0.0
536,2020-04-01,05,0.3,-0.4
537,2020-05-01,05,-0.2,-0.2
538,2020-06-01,05,-0.2,0.1
539,2020-07-01,05,-0.1,0.3
540,2020-08-01,05,-0.1,0.0
541,2020-09-01,05,0.1,0.1
542,2020-10-01,05,0.1,0.0
543,2020-11-01,05,-0.1,-0.1
544,2020-12-01,05,-0.1,0.1
545,2021-01-01,05,0.2,0.3
546,2021-02-01,05,0.3,0.2
547,2021-03-01,05,0.9,0.6
548,2021-04-01,05,1.6,0.3
549,2021-05-01,05,2.1,0.3
550,2021-06-01,05,2.0,0.0
551,2021-07-01,05,1.7,0.0
552,2021-08-01,05,1.7,0.0
553,2021-09-01,05,1.7,0.1
554,2021-10-01,05,2.1,0.4
555,2021-11-01,05,2.6,0.3
556,2021-12-01,05,2.7,0.3
557,2022-01-01,05,3.1,0.6
558,2022-02-01,05,3.2,0.2
559,2022-03-01,05,3.0,0.4
560,2022-04-01,05,2.7,0.1
561,2022-05-01,05,2.9,0.5
562,2022-06-01,05,3.4,0.4
563,2022-07-01,05,4.0,0.6
564,2022-08-01,05,4.3,0.3
565,2022-09-01,05,4.4,0.2
566,2022-10-01,05,4.1,0.2
567,2022-11-01,05,3.8,0.1
568,2022-12-01,05,3.7,0.1
569,2023-01-01,05,3.5,0.4
570,2023-02-01,05,3.4,0.2
571,2023-03-01,05,3.1,0.2
572,2023-04-01,05,3.0,0.0
573,2023-05-01,05,2.7,0.2
574,2023-06-01,05,2.3,0.0
575,2023-07-01,05,1.9,0.2
576,2023-08-01,05,1.7,0.2
577,2023-09-01,05,1.5,0.0
578,2023-10-01,05,1.4,0.1
579,2023-11-01,05,1.4,0.1
580,2023-12-01,05,1.4,0.0
581,2024-01-01,05,1.0,0.0
582,2024-02-01,05,0.9,0.1
583,2024-03-01,05,0.9,0.2
584,2024-04-01,05,1.0,0.1
585,2024-05-01,05,0.8,0.0
586,2024-06-01,05,0.9,0.1
587,2024-07-01,05,0.9,0.2
588,2024-08-01,05,0.7,0.0
589,2024-09-01,05,0.6,-0.1
590,2024-10-01,05,0.5,-0.1
591,2024-11-01,05,0.5,0.1
592,2024-12-01,05,0.4,-0.1
593,2025-01-01,05,0.5,0.1
594,2025-02-01,05,0.3,-0.1
595,2025-03-01,05,0.2,0.1
596,2025-04-01,05,0.1,-0.1
597,2025-05-01,05,0.2,0.1
598,2025-06-01,05,0.1,0.0
599,2025-07-01,05,0.1,0.2
600,2025-08-01,05,0.2,0.1
601,2025-09-01,05,0.2,0.0
602,2025-10-01,05,0.3,0.0
603,2025-11-01,05,0.2,0.0
604,2025-12-01,05,0.3,0.0
605,2026-01-01,05,0.2,-0.1
606,2026-02-01,05,0.2,0.0
607,2026-03-01,05,0.1,-0.1
608,2026-04-01,05,0.4,0.2
609,2026-05-01,05,0.4,0.1
610,2026-06-01,05,0.4,0.0
611,2026-07-01,05,0.3,0.1
612,2018-02-01,06,,0.1
613,2018-03-01,06,,0.1
614,2018-04-01,06,,0.2
615,2018-05-01,06,,0.0
616,2018-06-01,06,,-1.4
617,2018-07-01,06,,0.0
618,2018-08-01,06,,0.1
619,2018-09-01,06,,0.0
620,2018-10-01,06,,0.0
621,2018-11-01,06,,0.2
622,2018-12-01,06,,0.0
623,2019-01-01,06,-0.5,0.2
624,2019-02-01,06,-0.4,0.2
625,2019-03-01,06,-0.2,0.2
626,2019-04-01,06,-0.3,0.2
627,2019-05-01,06,-0.3,0.0
628,2019-06-01,06,1.2,0.2
629,2019-07-01,06,1.3,0.1
630,2019-08-01,06,1.4,0.2
631,2019-09-01,06,1.3,-0.1
632,2019-10-01,06,1.4,0.1
633,2019-11-01,06,1.4,0.2
634,2019-12-01,06,1.4,0.0
635,2020-01-01,06,1.4,0.2
636,2020-02-01,06,1.3,0.1
637,2020-03-01,06,1.4,0.3
638,2020-04-01,06,1.2,0.0
639,2020-05-01,06,1.2,0.0
640,2020-06-01,06,1.1,0.1
641,2020-07-01,06,1.1,0.1
642,2020-08-01,06,1.1,0.1
643,2020-09-01,06,1.1,0.0
644,2020-10-01,06,1.1,0.1
645,2020-11-01,06,1.0,0.0
646,2020-12-01,06,1.0,0.0
647,2021-01-01,06,0.7,0.0
648,2021-02-01,06,0.7,0.1
649,2021-03-01,06,0.5,0.1
650,2021-04-01,06,0.5,0.0
651,2021-05-01,06,0.6,0.1
652,2021-06-01,06,0.5,0.0
653,2021-07-01,06,0.4,0.0
654,2021-08-01,06,0.3,0.0
655,2021-09-01,06,0.3,0.0
656,2021-10-01,06,0.2,0.0
657,2021-11-01,06,0.2,0.0
658,2021-12-01,06,0.2,0.0
659,2022-01-01,06,0.3,0.1
660,2022-02-01,06,0.5,0.2
661,2022-03-01,06,0.2,-0.2
662,2022-04-01,06,0.2,0.1
663,2022-05-01,06,0.4,0.2
664,2022-06-01,06,0.6,0.2
665,2022-07-01,06,0.8,0.2
666,2022-08-01,06,0.9,0.1
667,2022-09-01,06,1.0,0.1
668,2022-10-01,06,1.0,0.1
669,2022-11-01,06,1.4,0.3
670,2022-12-01,06,1.3,-0.1
671,2023-01-01,06,1.6,0.4
672,2023-02-01,06,1.8,0.5
673,2023-03-01,06,2.2,0.1
674,2023-04-01,06,2.1,0.0
675,2023-05-01,06,1.9,0.1
676,2023-06-01,06,2.0,0.2
677,2023-07-01,06,2.0,0.2
678,2023-08-01,06,2.4,0.5
679,2023-09-01,06,2.2,-0.1
680,2023-10-01,06,2.4,0.2
681,2023-11-01,06,2.3,0.2
682,2023-12-01,06,2.5,0.2
683,2024-01-01,06,2.4,0.2
684,2024-02-01,06,2.3,0.4
685,2024-03-01,06,2.1,-0.1
686,2024-04-01,06,2.4,0.2
687,2024-05-01,06,2.4,0.1
688,2024-06-01,06,2.0,-0.2
689,2024-07-01,06,2.1,0.4
690,2024-08-01,06,1.7,0.1
691,2024-09-01,06,1.7,-0.1
692,2024-10-01,06,1.6,0.1
693,2024-11-01,06,1.5,0.2
694,2024-12-01,06,1.3,0.0
695,2025-01-01,06,1.5,0.4
696,2025-02-01,06,1.2,0.2
697,2025-03-01,06,1.3,0.0
698,2025-04-01,06,1.1,0.1
699,2025-05-01,06,1.2,0.2
700,2025-06-01,06,1.4,0.0
701,2025-07-01,06,1.1,0.2
702,2025-08-01,06,1.1,0.1
703,2025-09-01,06,1.3,0.1
704,2025-10-01,06,1.5,0.2
705,2025-11-01,06,1.4,0.1
706,2025-12-01,06,1.4,0.1
707,2026-01-01,06,1.2,0.2
708,2026-02-01,06,1.1,0.1
709,2026-03-01,06,1.4,0.2
710,2026-04-01,06,1.4,0.1
711,2026-05-01,06,1.2,-0.1
712,2026-06-01,06,1.2,0.0
713,2026-07-01,06,1.4,0.3
714,2018-02-01,07,,-0.3
715,2018-03-01,07,,-1.2
716,2018-04-01,07,,0.0
717,2018-05-01,07,,-0.2
718,2018-06-01,07,,-0.8
719,2018-07-01,07,,0.0
720,2018-08-01,07,,0.1
721,2018-09-01,07,,0.3
722,2018-10-01,07,,0.3
723,2018-11-01,07,,0.1
724,2018-12-01,07,,-0.4
725,2019-01-01,07,-7.6,-5.4
726,2019-02-01,07,-6.8,0.5
727,2019-03-01,07,-3.2,2.6
728,2019-04-01,07,-2.7,0.5
729,2019-05-01,07,-2.5,0.1
730,2019-06-01,07,-2.0,-0.3
731,2019-07-01,07,-1.9,0.1
732,2019-08-01,07,-2.1,-0.1
733,2019-09-01,07,-2.2,0.1
734,2019-10-01,07,-2.3,0.2
735,2019-11-01,07,-2.4,0.0
736,2019-12-01,07,-1.9,0.1
737,2020-01-01,07,1.4,-2.3
738,2020-02-01,07,0.2,-0.7
739,2020-03-01,07,0.3,2.7
740,2020-04-01,07,0.2,0.4
741,2020-05-01,07,0.2,0.1
742,2020-06-01,07,-0.2,-0.6
743,2020-07-01,07,-0.2,0.1
744,2020-08-01,07,0.1,0.2
745,2020-09-01,07,-0.1,-0.1
746,2020-10-01,07,-0.2,0.1
747,2020-11-01,07,-0.2,0.0
748,2020-12-01,07,-0.3,0.0
749,2021-01-01,07,-0.6,-2.6
750,2021-02-01,07,0.5,0.3
751,2021-03-01,07,0.6,2.9
752,2021-04-01,07,0.6,0.4
753,2021-05-01,07,0.8,0.3
754,2021-06-01,07,1.0,-0.5
755,2021-07-01,07,1.0,0.1
756,2021-08-01,07,0.7,-0.1
757,2021-09-01,07,0.9,0.1
758,2021-10-01,07,1.1,0.3
759,2021-11-01,07,0.7,-0.4
760,2021-12-01,07,1.9,1.2
761,2022-01-01,07,3.3,-1.3
762,2022-02-01,07,3.5,0.5
763,2022-03-01,07,3.9,3.3
764,2022-04-01,07,4.2,0.6
765,2022-05-01,07,4.7,0.8
766,2022-06-01,07,5.2,0.0
767,2022-07-01,07,6.1,0.9
768,2022-08-01,07,6.7,0.5
769,2022-09-01,07,7.4,0.8
770,2022-10-01,07,7.7,0.5
771,2022-11-01,07,7.9,-0.2
772,2022-12-01,07,7.3,0.6
773,2023-01-01,07,6.5,-1.9
774,2023-02-01,07,6.2,0.2
775,2023-03-01,07,5.7,2.8
776,2023-04-01,07,5.9,0.8
777,2023-05-01,07,5.3,0.2
778,2023-06-01,07,4.9,-0.4
779,2023-07-01,07,4.1,0.2
780,2023-08-01,07,3.6,0.0
781,2023-09-01,07,2.9,0.2
782,2023-10-01,07,2.7,0.2
783,2023-11-01,07,2.3,-0.6
784,2023-12-01,07,2.3,0.6
785,2024-01-01,07,2.1,-2.0
786,2024-02-01,07,2.2,0.2
787,2024-03-01,07,2.4,3.0
788,2024-04-01,07,2.0,0.5
789,2024-05-01,07,2.1,0.3
790,2024-06-01,07,2.1,-0.5
791,2024-07-01,07,2.1,0.2
792,2024-08-01,07,2.2,0.1
793,2024-09-01,07,2.3,0.2
794,2024-10-01,07,2.0,0.0
795,2024-11-01,07,1.7,-0.9
796,2024-12-01,07,2.0,0.8
797,2025-01-01,07,2.2,-1.8
798,2025-02-01,07,2.6,0.6
799,2025-03-01,07,2.3,2.7
800,2025-04-01,07,2.2,0.4
801,2025-05-01,07,2.1,0.2
802,2025-06-01,07,2.3,-0.3
803,2025-07-01,07,2.2,0.2
804,2025-08-01,07,2.1,0.0
805,2025-09-01,07,2.1,0.2
806,2025-10-01,07,2.0,-0.1
807,2025-11-01,07,2.3,-0.5
808,2025-12-01,07,1.9,0.4
809,2026-01-01,07,1.5,-2.1
810,2026-02-01,07,1.2,0.2
811,2026-03-01,07,1.3,2.8
812,2026-04-01,07,1.4,0.5
813,2026-05-01,07,1.4,0.2
814,2026-06-01,07,1.5,-0.2
815,2026-07-01,07,1.5,0.2
816,2018-02-01,08,,-0.1
817,2018-03-01,08,,-0.1
818,2018-04-01,08,,-0.1
819,2018-05-01,08,,-0.2
820,2018-06-01,08,,-3.0
821,2018-07-01,08,,0.0
822,2018-08-01,08,,-0.1
823,2018-09-01,08,,2.3
824,2018-10-01,08,,0.0
825,2018-11-01,08,,0.0
826,2018-12-01,08,,0.0
827,2019-01-01,08,-1.4,-0.1
828,2019-02-01,08,-1.2,0.1
829,2019-03-01,08,-1.1,0.0
830,2019-04-01,08,-1.1,-0.1
831,2019-05-01,08,-0.9,0.0
832,2019-06-01,08,2.1,0.0
833,2019-07-01,08,2.1,0.0
834,2019-08-01,08,2.2,0.0
835,2019-09-01,08,-0.1,0.0
836,2019-10-01,08,1.4,1.5
837,2019-11-01,08,1.5,0.1
838,2019-12-01,08,1.5,0.0
839,2020-01-01,08,1.6,0.0
840,2020-02-01,08,1.5,0.0
841,2020-03-01,08,1.5,0.0
842,2020-04-01,08,1.6,0.0
843,2020-05-01,08,1.6,0.0
844,2020-06-01,08,1.6,0.0
845,2020-07-01,08,1.6,0.0
846,2020-08-01,08,1.6,0.0
847,2020-09-01,08,1.6,0.0
848,2020-10-01,08,0.1,0.0
849,2020-11-01,08,0.0,0.0
850,2020-12-01,08,0.0,0.0
851,2021-01-01,08,0.0,0.0
852,2021-02-01,08,0.0,0.0
853,2021-03-01,08,0.0,0.0
854,2021-04-01,08,0.0,0.0
855,2021-05-01,08,0.0,0.0
856,2021-06-01,08,0.0,0.0
857,2021-07-01,08,0.0,0.0
858,2021-08-01,08,0.0,0.0
859,2021-09-01,08,0.0,0.0
860,2021-10-01,08,0.0,0.0
861,2021-11-01,08,0.0,0.0
862,2021-12-01,08,0.0,0.0
863,2022-01-01,08,0.0,0.0
864,2022-02-01,08,0.0,0.0
865,2022-03-01,08,0.0,0.0
866,2022-04-01,08,0.0,0.0
867,2022-05-01,08,0.0,0.0
868,2022-06-01,08,0.0,0.0
869,2022-07-01,08,0.0,0.0
870,2022-08-01,08,0.0,0.0
871,2022-09-01,08,0.0,0.0
872,2022-10-01,08,0.0,0.0
873,2022-11-01,08,0.0,0.0
874,2022-12-01,08,-0.1,-0.1
875,2023-01-01,08,-1.4,-1.3
876,2023-02-01,08,-1.4,0.0
877,2023-03-01,08,-1.4,0.0
878,2023-04-01,08,-1.4,0.0
879,2023-05-01,08,-3.7,-2.3
880,2023-06-01,08,-3.6,0.1
881,2023-07-01,08,-3.7,-0.1
882,2023-08-01,08,-3.7,0.0
883,2023-09-01,08,-3.7,0.0
884,2023-10-01,08,-3.7,0.0
885,2023-11-01,08,-3.7,0.0
886,2023-12-01,08,-3.7,-0.1
887,2024-01-01,08,-2.4,0.0
888,2024-02-01,08,-2.4,0.0
889,2024-03-01,08,-2.4,0.0
890,2024-04-01,08,-2.5,-0.1
891,2024-05-01,08,0.4,0.6
892,2024-06-01,08,0.3,0.0
893,2024-07-01,08,0.5,0.1
894,2024-08-01,08,0.5,0.0
895,2024-09-01,08,0.4,-0.1
896,2024-10-01,08,-1.7,-2.1
897,2024-11-01,08,-3.9,-2.3
898,2024-12-01,08,-5.4,-1.7
899,2025-01-01,08,-5.3,0.1
900,2025-02-01,08,-5.3,0.0
901,2025-03-01,08,-5.4,-0.1
902,2025-04-01,08,-4.5,0.9
903,2025-05-01,08,-5.2,-0.1
904,2025-06-01,08,-5.4,-0.2
905,2025-07-01,08,-6.4,-0.9
906,2025-08-01,08,-5.6,0.8
907,2025-09-01,08,-4.5,1.1
908,2025-10-01,08,-2.4,0.0
909,2025-11-01,08,-1.3,-1.2
910,2025-12-01,08,0.9,0.6
911,2026-01-01,08,0.7,-0.1
912,2026-02-01,08,0.5,-0.2
913,2026-03-01,08,1.4,0.8
914,2026-04-01,08,2.0,1.6
915,2026-05-01,08,2.1,0.0
916,2026-06-01,08,2.4,0.0
917,2026-07-01,08,3.4,0.1
918,2018-02-01,09,,0.2
919,2018-03-01,09,,0.0
920,2018-04-01,09,,0.1
921,2018-05-01,09,,-0.1
922,2018-06-01,09,,-2.9
923,2018-07-01,09,,0.2
924,2018-08-01,09,,0.1
925,2018-09-01,09,,2.1
926,2018-10-01,09,,0.1
927,2018-11-01,09,,0.0
928,2018-12-01,09,,0.1
929,2019-01-01,09,-0.4,-0.1
930,2019-02-01,09,-0.4,0.2
931,2019-03-01,09,-0.4,-0.1
932,2019-04-01,09,-0.4,0.1
933,2019-05-01,09,-0.4,-0.1
934,2019-06-01,09,2.7,0.1
935,2019-07-01,09,2.4,-0.1
936,2019-08-01,09,2.3,0.0
937,2019-09-01,09,0.8,0.6
938,2019-10-01,09,0.7,0.0
939,2019-11-01,09,0.8,0.1
940,2019-12-01,09,0.5,-0.2
941,2020-01-01,09,0.9,0.3
942,2020-02-01,09,0.7,0.0
943,2020-03-01,09,0.7,-0.1
944,2020-04-01,09,0.6,0.0
945,2020-05-01,09,0.7,0.0
946,2020-06-01,09,0.6,0.0
947,2020-07-01,09,0.7,0.0
948,2020-08-01,09,0.6,-0.1
949,2020-09-01,09,0.1,0.1
950,2020-10-01,09,0.2,0.1
951,2020-11-01,09,0.1,0.0
952,2020-12-01,09,0.3,0.0
953,2021-01-01,09,0.1,0.1
954,2021-02-01,09,0.1,0.0
955,2021-03-01,09,0.5,0.4
956,2021-04-01,09,0.7,0.2
957,2021-05-01,09,0.6,-0.1
958,2021-06-01,09,0.6,0.0
959,2021-07-01,09,0.6,0.0
960,2021-08-01,09,0.7,0.0
961,2021-09-01,09,0.6,0.0
962,2021-10-01,09,0.2,-0.4
963,2021-11-01,09,0.2,0.0
964,2021-12-01,09,0.4,0.3
965,2022-01-01,09,1.2,0.8
966,2022-02-01,09,1.6,0.4
967,2022-03-01,09,1.2,-0.1
968,2022-04-01,09,1.3,0.4
969,2022-05-01,09,1.8,0.3
970,2022-06-01,09,2.2,0.4
971,2022-07-01,09,2.5,0.3
972,2022-08-01,09,2.7,0.3
973,2022-09-01,09,3.1,0.3
974,2022-10-01,09,3.4,-0.1
975,2022-11-01,09,3.6,0.2
976,2022-12-01,09,2.4,-0.9
977,2023-01-01,09,2.7,1.1
978,2023-02-01,09,1.7,-0.5
979,2023-03-01,09,1.8,0.0
980,2023-04-01,09,1.8,0.3
981,2023-05-01,09,1.8,0.3
982,2023-06-01,09,1.6,0.3
983,2023-07-01,09,1.1,-0.3
984,2023-08-01,09,1.0,0.2
985,2023-09-01,09,0.5,-0.2
986,2023-10-01,09,0.7,0.1
987,2023-11-01,09,0.6,0.1
988,2023-12-01,09,1.9,0.4
989,2024-01-01,09,0.8,0.0
990,2024-02-01,09,1.6,0.3
991,2024-03-01,09,1.5,-0.2
992,2024-04-01,09,2.0,0.8
993,2024-05-01,09,1.9,0.3
994,2024-06-01,09,1.9,0.3
995,2024-07-01,09,2.2,0.1
996,2024-08-01,09,2.0,0.0
997,2024-09-01,09,2.2,0.0
998,2024-10-01,09,2.0,-0.1
999,2024-11-01,09,2.0,0.1
1000,2024-12-01,09,1.7,0.1
1001,2025-01-01,09,1.8,0.1
1002,2025-02-01,09,1.5,0.1
1003,2025-03-01,09,1.7,0.0
1004,2025-04-01,09,1.3,0.4
1005,2025-05-01,09,0.9,-0.1
1006,2025-06-01,09,0.8,0.1
1007,2025-07-01,09,0.8,0.1
1008,2025-08-01,09,0.9,0.2
1009,2025-09-01,09,0.9,0.0
1010,2025-10-01,09,1.2,0.2
1011,2025-11-01,09,1.2,0.1
1012,2025-12-01,09,0.8,-0.2
1013,2026-01-01,09,0.9,0.2
1014,2026-02-01,09,0.8,0.0
1015,2026-03-01,09,1.0,0.2
1016,2026-04-01,09,0.9,0.3
1017,2026-05-01,09,1.1,0.1
1018,2026-06-01,09,1.1,0.1
1019,2026-07-01,09,1.2,0.2
1020,2018-02-01,10,,0.1
1021,2018-03-01,10,,0.1
1022,2018-04-01,10,,0.1
1023,2018-05-01,10,,0.1
1024,2018-06-01,10,,-0.2
1025,2018-07-01,10,,0.1
1026,2018-08-01,10,,0.1
1027,2018-09-01,10,,0.0
1028,2018-10-01,10,,0.0
1029,2018-11-01,10,,0.3
1030,2018-12-01,10,,-0.1
1031,2019-01-01,10,0.9,0.4
1032,2019-02-01,10,1.3,0.4
1033,2019-03-01,10,1.3,0.1
1034,2019-04-01,10,1.2,0.0
1035,2019-05-01,10,1.2,0.1
1036,2019-06-01,10,1.4,0.0
1037,2019-07-01,10,1.4,0.1
1038,2019-08-01,10,1.4,0.1
1039,2019-09-01,10,1.8,0.4
1040,2019-10-01,10,1.9,0.1
1041,2019-11-01,10,1.6,0.0
1042,2019-12-01,10,1.7,0.0
1043,2020-01-01,10,1.7,0.4
1044,2020-02-01,10,1.3,0.1
1045,2020-03-01,10,1.3,0.0
1046,2020-04-01,10,1.2,-0.1
1047,2020-05-01,10,1.0,-0.1
1048,2020-06-01,10,0.8,-0.2
1049,2020-07-01,10,1.2,0.4
1050,2020-08-01,10,1.1,0.0
1051,2020-09-01,10,0.7,0.1
1052,2020-10-01,10,0.7,0.0
1053,2020-11-01,10,0.6,-0.1
1054,2020-12-01,10,0.6,0.0
1055,2021-01-01,10,0.2,0.0
1056,2021-02-01,10,0.1,0.0
1057,2021-03-01,10,0.0,-0.1
1058,2021-04-01,10,0.2,0.2
1059,2021-05-01,10,0.3,0.0
1060,2021-06-01,10,0.5,0.0
1061,2021-07-01,10,0.1,0.0
1062,2021-08-01,10,0.0,-0.1
1063,2021-09-01,10,-0.1,0.0
1064,2021-10-01,10,-0.1,0.0
1065,2021-11-01,10,0.1,0.1
1066,2021-12-01,10,0.2,0.1
1067,2022-01-01,10,0.7,0.5
1068,2022-02-01,10,0.7,0.1
1069,2022-03-01,10,0.9,0.1
1070,2022-04-01,10,1.0,0.2
1071,2022-05-01,10,1.0,0.0
1072,2022-06-01,10,1.1,0.1
1073,2022-07-01,10,1.2,0.1
1074,2022-08-01,10,1.2,0.0
1075,2022-09-01,10,1.3,0.1
1076,2022-10-01,10,1.4,0.1
1077,2022-11-01,10,1.5,0.2
1078,2022-12-01,10,1.4,0.0
1079,2023-01-01,10,1.3,0.4
1080,2023-02-01,10,1.6,0.4
1081,2023-03-01,10,1.7,0.2
1082,2023-04-01,10,1.6,0.2
1083,2023-05-01,10,1.9,0.2
1084,2023-06-01,10,1.9,0.1
1085,2023-07-01,10,2.0,0.2
1086,2023-08-01,10,2.1,0.2
1087,2023-09-01,10,2.0,0.0
1088,2023-10-01,10,2.1,0.2
1089,2023-11-01,10,2.0,0.0
1090,2023-12-01,10,2.0,0.0
1091,2024-01-01,10,1.7,0.2
1092,2024-02-01,10,1.5,0.2
1093,2024-03-01,10,1.5,0.2
1094,2024-04-01,10,1.4,0.2
1095,2024-05-01,10,1.5,0.3
1096,2024-06-01,10,1.7,0.2
1097,2024-07-01,10,1.7,0.2
1098,2024-08-01,10,1.5,0.0
1099,2024-09-01,10,1.5,0.0
1100,2024-10-01,10,1.5,0.2
1101,2024-11-01,10,1.5,0.0
1102,2024-12-01,10,1.5,0.0
1103,2025-01-01,10,1.6,0.2
1104,2025-02-01,10,1.9,0.5
1105,2025-03-01,10,2.2,0.5
1106,2025-04-01,10,2.3,0.2
1107,2025-05-01,10,2.2,0.2
1108,2025-06-01,10,2.2,0.2
1109,2025-07-01,10,2.2,0.2
1110,2025-08-01,10,2.4,0.2
1111,2025-09-01,10,2.4,0.0
1112,2025-10-01,10,2.4,0.2
1113,2025-11-01,10,2.6,0.2
1114,2025-12-01,10,2.8,0.2
1115,2026-01-01,10,3.2,0.7
1116,2026-02-01,10,2.8,0.1
1117,2026-03-01,10,2.5,0.2
1118,2026-04-01,10,2.4,0.2
1119,2026-05-01,10,2.2,0.1
1120,2026-06-01,10,2.1,0.1
1121,2026-07-01,10,2.0,0.1
1122,2018-02-01,11,,0.1
1123,2018-03-01,11,,0.3
1124,2018-04-01,11,,0.4
1125,2018-05-01,11,,0.1
1126,2018-06-01,11,,-0.8
1127,2018-07-01,11,,0.0
1128,2018-08-01,11,,0.2
1129,2018-09-01,11,,0.5
1130,2018-10-01,11,,0.2
1131,2018-11-01,11,,0.2
1132,2018-12-01,11,,0.2
1133,2019-01-01,11,1.2,0.0
1134,2019-02-01,11,1.3,0.2
1135,2019-03-01,11,1.0,0.0
1136,2019-04-01,11,0.8,0.2
1137,2019-05-01,11,0.6,-0.2
1138,2019-06-01,11,1.6,0.2
1139,2019-07-01,11,1.7,0.1
1140,2019-08-01,11,1.7,0.2
1141,2019-09-01,11,1.5,0.2
1142,2019-10-01,11,1.2,-0.1
1143,2019-11-01,11,1.1,0.1
1144,2019-12-01,11,1.1,0.2
1145,2020-01-01,11,1.1,0.1
1146,2020-02-01,11,1.1,0.2
1147,2020-03-01,11,0.9,-0.2
1148,2020-04-01,11,0.7,0.0
1149,2020-05-01,11,1.0,0.2
1150,2020-06-01,11,0.4,-0.4
1151,2020-07-01,11,0.2,-0.2
1152,2020-08-01,11,0.1,0.1
1153,2020-09-01,11,0.0,0.2
1154,2020-10-01,11,0.1,0.0
1155,2020-11-01,11,0.0,0.0
1156,2020-12-01,11,-0.2,0.0
1157,2021-01-01,11,-0.1,0.2
1158,2021-02-01,11,-0.3,-0.1
1159,2021-03-01,11,0.0,0.1
1160,2021-04-01,11,0.2,0.2
1161,2021-05-01,11,0.1,0.1
1162,2021-06-01,11,0.5,0.0
1163,2021-07-01,11,0.7,0.1
1164,2021-08-01,11,0.6,0.0
1165,2021-09-01,11,0.3,-0.2
1166,2021-10-01,11,0.6,0.3
1167,2021-11-01,11,0.9,0.3
1168,2021-12-01,11,1.3,0.4
1169,2022-01-01,11,2.1,1.0
1170,2022-02-01,11,2.6,0.4
1171,2022-03-01,11,2.9,0.4
1172,2022-04-01,11,3.2,0.4
1173,2022-05-01,11,3.7,0.6
1174,2022-06-01,11,5.0,1.3
1175,2022-07-01,11,5.7,0.7
1176,2022-08-01,11,6.4,0.6
1177,2022-09-01,11,6.9,0.3
1178,2022-10-01,11,6.8,0.3
1179,2022-11-01,11,7.0,0.5
1180,2022-12-01,11,7.4,0.7
1181,2023-01-01,11,6.8,0.4
1182,2023-02-01,11,7.4,0.9
1183,2023-03-01,11,7.2,0.3
1184,2023-04-01,11,6.6,-0.1
1185,2023-05-01,11,6.6,0.5
1186,2023-06-01,11,5.4,0.2
1187,2023-07-01,11,5.1,0.3
1188,2023-08-01,11,4.7,0.3
1189,2023-09-01,11,4.4,0.1
1190,2023-10-01,11,4.6,0.5
1191,2023-11-01,11,4.3,0.1
1192,2023-12-01,11,3.7,0.1
1193,2024-01-01,11,3.2,-0.1
1194,2024-02-01,11,2.9,0.6
1195,2024-03-01,11,3.0,0.4
1196,2024-04-01,11,3.5,0.3
1197,2024-05-01,11,3.3,0.3
1198,2024-06-01,11,3.3,0.3
1199,2024-07-01,11,3.4,0.4
1200,2024-08-01,11,3.2,0.1
1201,2024-09-01,11,3.2,0.1
1202,2024-10-01,11,2.8,0.1
1203,2024-11-01,11,2.8,0.1
1204,2024-12-01,11,2.9,0.3
1205,2025-01-01,11,3.5,0.5
1206,2025-02-01,11,3.5,0.6
1207,2025-03-01,11,2.9,-0.1
1208,2025-04-01,11,2.9,0.3
1209,2025-05-01,11,3.0,0.4
1210,2025-06-01,11,2.8,0.1
1211,2025-07-01,11,3.1,0.8
1212,2025-08-01,11,3.5,0.4
1213,2025-09-01,11,3.3,-0.1
1214,2025-10-01,11,3.4,0.2
1215,2025-11-01,11,3.4,0.1
1216,2025-12-01,11,3.1,0.0
1217,2026-01-01,11,3.0,0.3
1218,2026-02-01,11,2.5,0.1
1219,2026-03-01,11,2.6,-0.1
1220,2026-04-01,11,2.6,0.4
1221,2026-05-01,11,2.5,0.3
1222,2026-06-01,11,2.6,0.1
1223,2026-07-01,11,2.0,0.2
1224,2018-02-01,12,,0.1
1225,2018-03-01,12,,0.0
1226,2018-04-01,12,,0.0
1227,2018-05-01,12,,0.0
1228,2018-06-01,12,,-2.6
1229,2018-07-01,12,,0.0
1230,2018-08-01,12,,0.0
1231,2018-09-01,12,,0.4
1232,2018-10-01,12,,0.5
1233,2018-11-01,12,,0.0
1234,2018-12-01,12,,0.0
1235,2019-01-01,12,-1.5,0.1
1236,2019-02-01,12,-1.6,0.0
1237,2019-03-01,12,-1.6,0.0
1238,2019-04-01,12,-1.6,0.0
1239,2019-05-01,12,-1.6,0.0
1240,2019-06-01,12,1.0,0.0
1241,2019-07-01,12,1.0,0.0
1242,2019-08-01,12,1.0,0.0
1243,2019-09-01,12,0.6,0.0
1244,2019-10-01,12,0.1,0.0
1245,2019-11-01,12,0.1,0.0
1246,2019-12-01,12,0.0,-0.1
1247,2020-01-01,12,-0.1,0.0
1248,2020-02-01,12,-0.1,0.0
1249,2020-03-01,12,0.0,0.1
1250,2020-04-01,12,0.0,0.0
1251,2020-05-01,12,0.0,0.0
1252,2020-06-01,12,0.0,0.0
1253,2020-07-01,12,0.0,0.0
1254,2020-08-01,12,0.0,0.0
1255,2020-09-01,12,0.0,0.0
1256,2020-10-01,12,0.0,0.0
1257,2020-11-01,12,0.0,0.0
1258,2020-12-01,12,0.1,0.0
1259,2021-01-01,12,0.1,0.0
1260,2021-02-01,12,0.1,0.0
1261,2021-03-01,12,0.0,0.0
1262,2021-04-01,12,0.0,0.0
1263,2021-05-01,12,0.0,0.0
1264,2021-06-01,12,0.0,0.0
1265,2021-07-01,12,0.0,0.0
1266,2021-08-01,12,0.0,0.0
1267,2021-09-01,12,0.0,0.0
1268,2021-10-01,12,0.0,0.0
1269,2021-11-01,12,0.0,0.0
1270,2021-12-01,12,0.0,0.0
1271,2022-01-01,12,0.0,0.0
1272,2022-02-01,12,0.0,0.0
1273,2022-03-01,12,0.0,0.0
1274,2022-04-01,12,0.0,0.0
1275,2022-05-01,12,0.0,0.0
1276,2022-06-01,12,0.3,0.3
1277,2022-07-01,12,0.3,0.0
1278,2022-08-01,12,0.3,0.0
1279,2022-09-01,12,0.3,0.0
1280,2022-10-01,12,0.3,0.0
1281,2022-11-01,12,0.3,0.0
1282,2022-12-01,12,0.3,0.0
1283,2023-01-01,12,0.3,0.0
1284,2023-02-01,12,0.4,0.1
1285,2023-03-01,12,0.4,0.0
1286,2023-04-01,12,0.4,0.0
1287,2023-05-01,12,0.4,0.0
1288,2023-06-01,12,0.1,0.0
1289,2023-07-01,12,0.0,-0.1
1290,2023-08-01,12,0.0,0.0
1291,2023-09-01,12,0.0,0.0
1292,2023-10-01,12,0.0,0.0
1293,2023-11-01,12,0.0,0.0
1294,2023-12-01,12,0.0,0.0
1295,2024-01-01,12,0.0,0.0
1296,2024-02-01,12,-0.1,0.0
1297,2024-03-01,12,-0.1,0.0
1298,2024-04-01,12,-0.1,0.0
1299,2024-05-01,12,-0.1,0.0
1300,2024-06-01,12,-0.1,0.0
1301,2024-07-01,12,0.5,0.5
1302,2024-08-01,12,0.5,0.0
1303,2024-09-01,12,0.5,0.0
1304,2024-10-01,12,0.5,0.0
1305,2024-11-01,12,0.5,0.0
1306,2024-12-01,12,0.5,0.0
1307,2025-01-01,12,0.6,0.1
1308,2025-02-01,12,1.5,0.8
1309,2025-03-01,12,1.5,0.0
1310,2025-04-01,12,1.5,0.0
1311,2025-05-01,12,1.5,0.0
1312,2025-06-01,12,1.5,0.0
1313,2025-07-01,12,5.5,4.6
1314,2025-08-01,12,5.6,0.1
1315,2025-09-01,12,5.6,0.0
1316,2025-10-01,12,5.6,0.0
1317,2025-11-01,12,5.6,0.0
1318,2025-12-01,12,5.6,0.0
1319,2026-01-01,12,5.5,0.0
1320,2026-02-01,12,4.7,0.0
1321,2026-03-01,12,4.9,0.3
1322,2026-04-01,12,4.9,0.0
1323,2026-05-01,12,4.9,0.0
1324,2026-06-01,12,5.7,0.8
1325,2026-07-01,12,1.1,0.0
1326,2018-02-01,13,,-0.3
1327,2018-03-01,13,,0.2
1328,2018-04-01,13,,0.1
1329,2018-05-01,13,,0.1
1330,2018-06-01,13,,-3.1
1331,2018-07-01,13,,-0.1
1332,2018-08-01,13,,-0.2
1333,2018-09-01,13,,0.2
1334,2018-10-01,13,,0.3
1335,2018-11-01,13,,0.2
1336,2018-12-01,13,,0.0
1337,2019-01-01,13,-2.4,0.4
1338,2019-02-01,13,-2.2,-0.1
1339,2019-03-01,13,-2.0,0.4
1340,2019-04-01,13,-2.0,0.1
1341,2019-05-01,13,-2.1,0.0
1342,2019-06-01,13,1.4,0.3
1343,2019-07-01,13,1.8,0.4
1344,2019-08-01,13,2.5,0.5
1345,2019-09-01,13,2.7,0.4
1346,2019-10-01,13,2.2,-0.2
1347,2019-11-01,13,2.5,0.4
1348,2019-12-01,13,2.4,-0.1
1349,2020-01-01,13,2.5,0.4
1350,2020-02-01,13,2.5,-0.1
1351,2020-03-01,13,2.6,0.4
1352,2020-04-01,13,2.3,-0.2
1353,2020-05-01,13,2.8,0.5
1354,2020-06-01,13,3.0,0.4
1355,2020-07-01,13,2.9,0.3
1356,2020-08-01,13,3.1,0.7
1357,2020-09-01,13,2.7,0.0
1358,2020-10-01,13,2.8,-0.1
1359,2020-11-01,13,2.3,-0.1
1360,2020-12-01,13,2.2,-0.2
1361,2021-01-01,13,1.8,0.1
1362,2021-02-01,13,1.6,-0.3
1363,2021-03-01,13,1.0,-0.2
1364,2021-04-01,13,1.2,0.1
1365,2021-05-01,13,0.7,0.0
1366,2021-06-01,13,0.3,0.1
1367,2021-07-01,13,0.1,0.0
1368,2021-08-01,13,-0.6,0.0
1369,2021-09-01,13,-0.5,0.1
1370,2021-10-01,13,-0.2,0.3
1371,2021-11-01,13,0.1,0.2
1372,2021-12-01,13,0.4,0.2
1373,2022-01-01,13,0.6,0.3
1374,2022-02-01,13,1.1,0.2
1375,2022-03-01,13,1.9,0.6
1376,2022-04-01,13,1.8,0.0
1377,2022-05-01,13,1.9,0.1
1378,2022-06-01,13,2.2,0.4
1379,2022-07-01,13,2.1,-0.1
1380,2022-08-01,13,2.4,0.3
1381,2022-09-01,13,2.4,0.1
1382,2022-10-01,13,2.4,0.3
1383,2022-11-01,13,2.6,0.3
1384,2022-12-01,13,2.3,-0.1
1385,2023-01-01,13,2.3,0.3
1386,2023-02-01,13,2.5,0.3
1387,2023-03-01,13,2.1,0.2
1388,2023-04-01,13,2.5,0.4
1389,2023-05-01,13,2.9,0.4
1390,2023-06-01,13,2.7,0.2
1391,2023-07-01,13,2.6,-0.2
1392,2023-08-01,13,2.4,0.1
1393,2023-09-01,13,2.5,0.2
1394,2023-10-01,13,2.3,0.0
1395,2023-11-01,13,2.3,0.4
1396,2023-12-01,13,2.7,0.2
1397,2024-01-01,13,2.5,0.1
1398,2024-02-01,13,2.5,0.3
1399,2024-03-01,13,2.6,0.4
1400,2024-04-01,13,3.1,0.9
1401,2024-05-01,13,3.0,0.3
1402,2024-06-01,13,2.7,-0.1
1403,2024-07-01,13,3.2,0.3
1404,2024-08-01,13,3.2,0.1
1405,2024-09-01,13,3.1,0.1
1406,2024-10-01,13,3.4,0.2
1407,2024-11-01,13,3.4,0.5
1408,2024-12-01,13,3.2,0.0
1409,2025-01-01,13,3.3,0.2
1410,2025-02-01,13,3.7,0.7
1411,2025-03-01,13,3.6,0.3
1412,2025-04-01,13,4.1,1.3
1413,2025-05-01,13,3.7,0.0
1414,2025-06-01,13,4.2,0.4
1415,2025-07-01,13,3.9,0.0
1416,2025-08-01,13,4.0,0.2
1417,2025-09-01,13,4.8,0.8
1418,2025-10-01,13,6.0,1.4
1419,2025-11-01,13,5.6,0.1
1420,2025-12-01,13,5.7,0.1
1421,2026-01-01,13,6.6,1.0
1422,2026-02-01,13,6.9,1.0
1423,2026-03-01,13,7.0,0.4
1424,2026-04-01,13,4.8,-0.7
1425,2026-05-01,13,4.8,-0.1
1426,2026-06-01,13,3.4,-0.9
1427,2026-07-01,13,2.9,-0.5
