date,division,inflation_yoy,inflation_mom
2018-02-01,overall,,0.2
2018-03-01,overall,,0.0
2018-04-01,overall,,0.1
2018-05-01,overall,,0.2
2018-06-01,overall,,-1.4
2018-07-01,overall,,0.0
2018-08-01,overall,,0.3
2018-09-01,overall,,0.6
2018-10-01,overall,,0.2
2018-11-01,overall,,0.3
2018-12-01,overall,,0.0
2019-01-01,overall,0.2,-0.1
2019-02-01,overall,0.3,0.3
2019-03-01,overall,0.5,0.3
2019-04-01,overall,0.5,0.1
2019-05-01,overall,0.4,0.1
2019-06-01,overall,1.9,0.0
2019-07-01,overall,2.0,0.1
2019-08-01,overall,2.0,0.3
2019-09-01,overall,1.5,0.2
2019-10-01,overall,1.4,0.1
2019-11-01,overall,1.4,0.3
2019-12-01,overall,1.4,0.0
2020-01-01,overall,1.6,0.1
2020-02-01,overall,1.3,-0.1
2020-03-01,overall,1.3,0.2
2020-04-01,overall,1.3,0.1
2020-05-01,overall,1.1,-0.1
2020-06-01,overall,1.2,0.1
2020-07-01,overall,1.1,0.0
2020-08-01,overall,1.1,0.2
2020-09-01,overall,1.0,0.1
2020-10-01,overall,0.8,-0.1
2020-11-01,overall,0.7,0.1
2020-12-01,overall,0.7,0.0
2021-01-01,overall,0.7,0.1
2021-02-01,overall,0.7,0.0
2021-03-01,overall,0.7,0.2
2021-04-01,overall,0.7,0.1
2021-05-01,overall,0.8,0.1
2021-06-01,overall,0.7,0.0
2021-07-01,overall,0.7,-0.1
2021-08-01,overall,0.6,0.2
2021-09-01,overall,0.6,0.1
2021-10-01,overall,0.7,0.0
2021-11-01,overall,0.9,0.3
2021-12-01,overall,1.1,0.2
2022-01-01,overall,1.6,0.6
2022-02-01,overall,1.8,0.2
2022-03-01,overall,2.0,0.3
2022-04-01,overall,2.1,0.2
2022-05-01,overall,2.4,0.4
2022-06-01,overall,3.0,0.6
2022-07-01,overall,3.4,0.3
2022-08-01,overall,3.8,0.6
2022-09-01,overall,4.0,0.3
2022-10-01,overall,4.1,0.1
2022-11-01,overall,4.2,0.4
2022-12-01,overall,4.1,0.1
2023-01-01,overall,3.9,0.4
2023-02-01,overall,3.9,0.2
2023-03-01,overall,3.8,0.2
2023-04-01,overall,3.6,0.0
2023-05-01,overall,3.5,0.3
2023-06-01,overall,3.1,0.2
2023-07-01,overall,2.8,0.0
2023-08-01,overall,2.5,0.2
2023-09-01,overall,2.5,0.3
2023-10-01,overall,2.4,0.0
2023-11-01,overall,2.0,0.0
2023-12-01,overall,1.9,0.0
2024-01-01,overall,1.8,0.3
2024-02-01,overall,1.8,0.2
2024-03-01,overall,1.7,0.2
2024-04-01,overall,1.9,0.2
2024-05-01,overall,1.9,0.4
2024-06-01,overall,1.9,0.1
2024-07-01,overall,1.9,0.1
2024-08-01,overall,1.9,0.2
2024-09-01,overall,1.8,0.2
2024-10-01,overall,1.8,0.0
2024-11-01,overall,1.8,0.0
2024-12-01,overall,1.6,-0.2
2025-01-01,overall,1.8,0.5
2025-02-01,overall,1.9,0.4
2025-03-01,overall,1.9,0.2
2025-04-01,overall,2.0,0.2
2025-05-01,overall,1.8,0.2
2025-06-01,overall,1.8,0.1
2025-07-01,overall,1.8,0.1
2025-08-01,overall,2.0,0.4
2025-09-01,overall,2.1,0.3
2025-10-01,overall,2.2,0.1
2025-11-01,overall,2.2,0.0
2025-12-01,overall,2.3,-0.1
2026-01-01,overall,2.3,0.4
2026-02-01,overall,2.0,0.1
2026-03-01,overall,2.1,0.2
2026-04-01,overall,2.0,0.1
2026-05-01,overall,2.0,0.1
2026-06-01,overall,1.9,0.0
2018-02-01,01,,0.2
2018-03-01,01,,0.2
2018-04-01,01,,0.2
2018-05-01,01,,0.2
2018-06-01,01,,-1.6
2018-07-01,01,,0.1
2018-08-01,01,,0.2
2018-09-01,01,,0.8
2018-10-01,01,,0.3
2018-11-01,01,,0.5
2018-12-01,01,,0.1
2019-01-01,01,1.6,0.5
2019-02-01,01,1.7,0.3
2019-03-01,01,1.7,0.2
2019-04-01,01,1.6,0.1
2019-05-01,01,1.5,0.1
2019-06-01,01,3.0,-0.1
2019-07-01,01,3.1,0.2
2019-08-01,01,3.1,0.2
2019-09-01,01,2.4,0.1
2019-10-01,01,2.1,0.1
2019-11-01,01,1.8,0.2
2019-12-01,01,1.8,0.1
2020-01-01,01,1.4,0.2
2020-02-01,01,1.2,0.2
2020-03-01,01,1.2,0.2
2020-04-01,01,1.1,-0.1
2020-05-01,01,1.1,0.1
2020-06-01,01,1.3,0.2
2020-07-01,01,1.2,0.1
2020-08-01,01,1.4,0.3
2020-09-01,01,1.4,0.1
2020-10-01,01,1.3,0.0
2020-11-01,01,1.2,0.1
2020-12-01,01,1.2,0.1
2021-01-01,01,1.2,0.2
2021-02-01,01,1.1,0.1
2021-03-01,01,1.1,0.2
2021-04-01,01,1.3,0.1
2021-05-01,01,1.3,0.1
2021-06-01,01,1.2,0.1
2021-07-01,01,1.1,0.0
2021-08-01,01,0.9,0.1
2021-09-01,01,1.0,0.2
2021-10-01,01,1.2,0.2
2021-11-01,01,1.6,0.4
2021-12-01,01,2.1,0.6
2022-01-01,01,2.8,0.8
2022-02-01,01,3.2,0.4
2022-03-01,01,3.5,0.4
2022-04-01,01,3.8,0.4
2022-05-01,01,4.4,0.7
2022-06-01,01,5.6,1.2
2022-07-01,01,6.8,1.1
2022-08-01,01,7.3,0.6
2022-09-01,01,7.5,0.3
2022-10-01,01,7.9,0.6
2022-11-01,01,8.2,0.7
2022-12-01,01,8.1,0.5
2023-01-01,01,7.8,0.5
2023-02-01,01,7.6,0.3
2023-03-01,01,7.5,0.3
2023-04-01,01,7.2,0.1
2023-05-01,01,7.1,0.5
2023-06-01,01,6.0,0.1
2023-07-01,01,5.4,0.6
2023-08-01,01,5.1,0.3
2023-09-01,01,5.1,0.3
2023-10-01,01,4.8,0.3
2023-11-01,01,3.7,-0.3
2023-12-01,01,3.2,0.0
2024-01-01,01,2.9,0.3
2024-02-01,01,3.1,0.5
2024-03-01,01,3.0,0.2
2024-04-01,01,3.2,0.4
2024-05-01,01,2.9,0.2
2024-06-01,01,2.8,0.0
2024-07-01,01,2.7,0.5
2024-08-01,01,2.7,0.3
2024-09-01,01,2.3,0.0
2024-10-01,01,3.2,1.2
2024-11-01,01,3.7,0.1
2024-12-01,01,3.9,0.2
2025-01-01,01,4.0,0.4
2025-02-01,01,3.8,0.2
2025-03-01,01,3.7,0.1
2025-04-01,01,3.6,0.3
2025-05-01,01,3.6,0.2
2025-06-01,01,3.8,0.2
2025-07-01,01,3.5,0.3
2025-08-01,01,3.4,0.2
2025-09-01,01,3.6,0.1
2025-10-01,01,2.5,0.2
2025-11-01,01,2.4,0.0
2025-12-01,01,2.2,0.0
2026-01-01,01,2.0,0.2
2026-02-01,01,1.9,0.1
2026-03-01,01,1.8,0.1
2026-04-01,01,2.0,0.4
2026-05-01,01,1.9,0.1
2026-06-01,01,1.9,0.2
2018-02-01,02,,
2018-03-01,02,,
2018-04-01,02,,
2018-05-01,02,,
2018-06-01,02,,
2018-07-01,02,,
2018-08-01,02,,
2018-09-01,02,,
2018-10-01,02,,
2018-11-01,02,,
2018-12-01,02,,
2019-01-01,02,,
2019-02-01,02,,
2019-03-01,02,,
2019-04-01,02,,
2019-05-01,02,,
2019-06-01,02,,
2019-07-01,02,,
2019-08-01,02,,
2019-09-01,02,,
2019-10-01,02,,
2019-11-01,02,,
2019-12-01,02,,
2020-01-01,02,,
2020-02-01,02,,
2020-03-01,02,,
2020-04-01,02,,
2020-05-01,02,,
2020-06-01,02,,
2020-07-01,02,,
2020-08-01,02,,
2020-09-01,02,,
2020-10-01,02,,
2020-11-01,02,,
2020-12-01,02,,
2021-01-01,02,,
2021-02-01,02,,
2021-03-01,02,,
2021-04-01,02,,
2021-05-01,02,,
2021-06-01,02,,
2021-07-01,02,,
2021-08-01,02,,
2021-09-01,02,,
2021-10-01,02,,
2021-11-01,02,,
2021-12-01,02,,
2022-01-01,02,,
2022-02-01,02,,
2022-03-01,02,,
2022-04-01,02,,
2022-05-01,02,,
2022-06-01,02,,
2022-07-01,02,,
2022-08-01,02,,
2022-09-01,02,,
2022-10-01,02,,
2022-11-01,02,,
2022-12-01,02,,
2023-01-01,02,,
2023-02-01,02,,
2023-03-01,02,,
2023-04-01,02,,
2023-05-01,02,,
2023-06-01,02,,
2023-07-01,02,,
2023-08-01,02,,
2023-09-01,02,,
2023-10-01,02,,
2023-11-01,02,,
2023-12-01,02,,
2024-01-01,02,,
2024-02-01,02,,
2024-03-01,02,,
2024-04-01,02,,
2024-05-01,02,,
2024-06-01,02,,
2024-07-01,02,,
2024-08-01,02,,
2024-09-01,02,,
2024-10-01,02,,
2024-11-01,02,,
2024-12-01,02,,
2025-01-01,02,,
2025-02-01,02,,
2025-03-01,02,,
2025-04-01,02,,
2025-05-01,02,,
2025-06-01,02,,
2025-07-01,02,,
2025-08-01,02,,
2025-09-01,02,,
2025-10-01,02,,
2025-11-01,02,,
2025-12-01,02,,
2026-01-01,02,,
2026-02-01,02,,
2026-03-01,02,,
2026-04-01,02,,
2026-05-01,02,,
2026-06-01,02,,
2018-02-01,03,,-0.2
2018-03-01,03,,-0.1
2018-04-01,03,,0.1
2018-05-01,03,,-0.1
2018-06-01,03,,-2.6
2018-07-01,03,,-0.1
2018-08-01,03,,0.0
2018-09-01,03,,-0.1
2018-10-01,03,,0.0
2018-11-01,03,,-0.1
2018-12-01,03,,-0.2
2019-01-01,03,-3.3,0.1
2019-02-01,03,-3.2,-0.1
2019-03-01,03,-3.0,0.1
2019-04-01,03,-3.2,-0.1
2019-05-01,03,-3.2,-0.1
2019-06-01,03,-0.7,-0.1
2019-07-01,03,-1.1,-0.4
2019-08-01,03,-1.1,0.0
2019-09-01,03,-0.9,0.0
2019-10-01,03,-1.3,-0.3
2019-11-01,03,-1.1,0.1
2019-12-01,03,-1.0,-0.1
2020-01-01,03,-1.2,-0.1
2020-02-01,03,-1.1,0.0
2020-03-01,03,-1.3,-0.1
2020-04-01,03,-1.2,0.0
2020-05-01,03,-1.1,0.0
2020-06-01,03,-1.1,-0.1
2020-07-01,03,-0.6,0.0
2020-08-01,03,-0.6,0.0
2020-09-01,03,-0.6,0.0
2020-10-01,03,-0.4,-0.1
2020-11-01,03,-0.5,0.0
2020-12-01,03,-0.4,0.0
2021-01-01,03,-0.4,-0.1
2021-02-01,03,-0.4,0.0
2021-03-01,03,-0.3,0.0
2021-04-01,03,-0.4,-0.1
2021-05-01,03,-0.5,-0.1
2021-06-01,03,-0.4,0.0
2021-07-01,03,-0.4,0.0
2021-08-01,03,-0.4,0.0
2021-09-01,03,-0.5,-0.1
2021-10-01,03,-0.4,0.0
2021-11-01,03,-0.5,-0.1
2021-12-01,03,-0.4,0.1
2022-01-01,03,-0.3,0.0
2022-02-01,03,-0.2,0.1
2022-03-01,03,-0.3,-0.1
2022-04-01,03,-0.2,0.0
2022-05-01,03,0.0,0.1
2022-06-01,03,0.2,0.2
2022-07-01,03,0.3,0.1
2022-08-01,03,0.3,0.0
2022-09-01,03,0.4,0.0
2022-10-01,03,0.4,0.0
2022-11-01,03,0.5,0.0
2022-12-01,03,0.4,0.0
2023-01-01,03,0.5,0.1
2023-02-01,03,0.4,0.0
2023-03-01,03,0.5,0.0
2023-04-01,03,0.5,0.0
2023-05-01,03,0.4,0.0
2023-06-01,03,0.1,-0.1
2023-07-01,03,0.1,0.1
2023-08-01,03,0.0,-0.1
2023-09-01,03,0.1,0.1
2023-10-01,03,0.0,-0.1
2023-11-01,03,0.0,0.0
2023-12-01,03,0.0,0.0
2024-01-01,03,-0.2,-0.1
2024-02-01,03,-0.2,0.0
2024-03-01,03,-0.2,0.0
2024-04-01,03,-0.3,-0.1
2024-05-01,03,-0.2,0.1
2024-06-01,03,-0.1,0.0
2024-07-01,03,-0.2,0.0
2024-08-01,03,-0.2,-0.1
2024-09-01,03,-0.3,0.0
2024-10-01,03,-0.2,0.0
2024-11-01,03,-0.3,-0.1
2024-12-01,03,-0.5,-0.2
2025-01-01,03,-0.3,0.1
2025-02-01,03,-0.2,0.1
2025-03-01,03,-0.2,0.0
2025-04-01,03,-0.1,0.0
2025-05-01,03,-0.2,0.0
2025-06-01,03,-0.3,-0.1
2025-07-01,03,-0.2,0.1
2025-08-01,03,-0.1,0.0
2025-09-01,03,-0.2,-0.1
2025-10-01,03,-0.3,-0.1
2025-11-01,03,-0.1,0.1
2025-12-01,03,0.1,0.0
2026-01-01,03,0.0,0.0
2026-02-01,03,0.0,0.1
2026-03-01,03,-0.1,-0.1
2026-04-01,03,-0.1,0.0
2026-05-01,03,-0.1,0.0
2026-06-01,03,0.0,0.0
2018-02-01,04,,0.7
2018-03-01,04,,0.0
2018-04-01,04,,0.0
2018-05-01,04,,0.7
2018-06-01,04,,-0.1
2018-07-01,04,,0.0
2018-08-01,04,,0.7
2018-09-01,04,,0.0
2018-10-01,04,,0.0
2018-11-01,04,,0.3
2018-12-01,04,,0.0
2019-01-01,04,2.3,0.0
2019-02-01,04,2.3,0.6
2019-03-01,04,2.3,0.0
2019-04-01,04,2.3,0.0
2019-05-01,04,2.0,0.3
2019-06-01,04,2.0,0.0
2019-07-01,04,2.1,0.1
2019-08-01,04,1.9,0.6
2019-09-01,04,1.9,0.0
2019-10-01,04,2.0,0.1
2019-11-01,04,2.1,0.4
2019-12-01,04,2.1,0.0
2020-01-01,04,2.2,0.1
2020-02-01,04,1.9,0.4
2020-03-01,04,1.9,0.0
2020-04-01,04,1.9,0.0
2020-05-01,04,1.4,-0.2
2020-06-01,04,1.4,0.0
2020-07-01,04,1.4,0.0
2020-08-01,04,1.0,0.2
2020-09-01,04,1.0,0.0
2020-10-01,04,0.9,0.0
2020-11-01,04,0.6,0.1
2020-12-01,04,0.6,0.0
2021-01-01,04,0.5,0.0
2021-02-01,04,0.4,0.3
2021-03-01,04,0.4,0.0
2021-04-01,04,0.4,0.0
2021-05-01,04,0.6,0.1
2021-06-01,04,0.6,0.0
2021-07-01,04,0.6,0.0
2021-08-01,04,0.6,0.1
2021-09-01,04,0.6,0.1
2021-10-01,04,0.6,0.0
2021-11-01,04,0.8,0.2
2021-12-01,04,0.9,0.1
2022-01-01,04,0.9,0.0
2022-02-01,04,0.9,0.4
2022-03-01,04,0.9,0.0
2022-04-01,04,1.0,0.1
2022-05-01,04,1.3,0.4
2022-06-01,04,1.4,0.1
2022-07-01,04,1.4,0.0
2022-08-01,04,1.9,0.5
2022-09-01,04,1.8,0.0
2022-10-01,04,1.8,0.0
2022-11-01,04,1.8,0.2
2022-12-01,04,1.7,0.0
2023-01-01,04,1.7,0.0
2023-02-01,04,1.9,0.6
2023-03-01,04,1.9,0.0
2023-04-01,04,1.9,0.0
2023-05-01,04,2.1,0.6
2023-06-01,04,2.0,0.0
2023-07-01,04,2.0,0.0
2023-08-01,04,1.7,0.2
2023-09-01,04,1.8,0.1
2023-10-01,04,1.8,0.0
2023-11-01,04,1.8,0.3
2023-12-01,04,1.8,0.0
2024-01-01,04,1.8,0.0
2024-02-01,04,1.5,0.3
2024-03-01,04,1.5,0.0
2024-04-01,04,1.5,0.0
2024-05-01,04,1.7,0.8
2024-06-01,04,1.7,0.0
2024-07-01,04,1.7,0.0
2024-08-01,04,1.7,0.2
2024-09-01,04,1.6,0.0
2024-10-01,04,1.6,0.0
2024-11-01,04,1.7,0.4
2024-12-01,04,1.7,0.0
2025-01-01,04,1.8,0.1
2025-02-01,04,2.3,0.8
2025-03-01,04,2.3,0.0
2025-04-01,04,2.4,0.1
2025-05-01,04,2.1,0.4
2025-06-01,04,2.1,0.0
2025-07-01,04,2.1,0.0
2025-08-01,04,2.2,0.3
2025-09-01,04,2.2,0.0
2025-10-01,04,2.2,0.0
2025-11-01,04,2.1,0.3
2025-12-01,04,2.1,0.0
2026-01-01,04,2.0,0.1
2026-02-01,04,1.6,0.4
2026-03-01,04,1.6,0.0
2026-04-01,04,1.5,0.0
2026-05-01,04,1.4,0.3
2026-06-01,04,1.4,0.0
2018-02-01,05,,-0.1
2018-03-01,05,,0.1
2018-04-01,05,,0.1
2018-05-01,05,,0.0
2018-06-01,05,,-2.4
2018-07-01,05,,0.0
2018-08-01,05,,0.1
2018-09-01,05,,1.0
2018-10-01,05,,0.4
2018-11-01,05,,0.3
2018-12-01,05,,0.2
2019-01-01,05,-0.3,0.2
2019-02-01,05,0.1,0.3
2019-03-01,05,0.3,0.3
2019-04-01,05,0.2,0.0
2019-05-01,05,0.5,0.3
2019-06-01,05,3.1,0.1
2019-07-01,05,3.3,0.2
2019-08-01,05,3.2,0.0
2019-09-01,05,2.1,-0.1
2019-10-01,05,1.7,0.0
2019-11-01,05,1.5,0.1
2019-12-01,05,1.4,0.1
2020-01-01,05,1.2,0.0
2020-02-01,05,1.0,0.1
2020-03-01,05,0.8,0.0
2020-04-01,05,0.3,-0.4
2020-05-01,05,-0.2,-0.2
2020-06-01,05,-0.2,0.1
2020-07-01,05,-0.1,0.3
2020-08-01,05,-0.1,0.0
2020-09-01,05,0.1,0.1
2020-10-01,05,0.1,0.0
2020-11-01,05,-0.1,-0.1
2020-12-01,05,-0.1,0.1
2021-01-01,05,0.2,0.3
2021-02-01,05,0.3,0.2
2021-03-01,05,0.9,0.6
2021-04-01,05,1.6,0.3
2021-05-01,05,2.1,0.3
2021-06-01,05,2.0,0.0
2021-07-01,05,1.7,0.0
2021-08-01,05,1.7,0.0
2021-09-01,05,1.7,0.1
2021-10-01,05,2.1,0.4
2021-11-01,05,2.6,0.3
2021-12-01,05,2.7,0.3
2022-01-01,05,3.1,0.6
2022-02-01,05,3.2,0.2
2022-03-01,05,3.0,0.4
2022-04-01,05,2.7,0.1
2022-05-01,05,2.9,0.5
2022-06-01,05,3.4,0.4
2022-07-01,05,4.0,0.6
2022-08-01,05,4.3,0.3
2022-09-01,05,4.4,0.2
2022-10-01,05,4.1,0.2
2022-11-01,05,3.8,0.1
2022-12-01,05,3.7,0.1
2023-01-01,05,3.5,0.4
2023-02-01,05,3.4,0.2
2023-03-01,05,3.1,0.2
2023-04-01,05,3.0,0.0
2023-05-01,05,2.7,0.2
2023-06-01,05,2.3,0.0
2023-07-01,05,1.9,0.2
2023-08-01,05,1.7,0.2
2023-09-01,05,1.5,0.0
2023-10-01,05,1.4,0.1
2023-11-01,05,1.4,0.1
2023-12-01,05,1.4,0.0
2024-01-01,05,1.0,0.0
2024-02-01,05,0.9,0.1
2024-03-01,05,0.9,0.2
2024-04-01,05,1.0,0.1
2024-05-01,05,0.8,0.0
2024-06-01,05,0.9,0.1
2024-07-01,05,0.9,0.2
2024-08-01,05,0.7,0.0
2024-09-01,05,0.6,-0.1
2024-10-01,05,0.5,-0.1
2024-11-01,05,0.5,0.1
2024-12-01,05,0.4,-0.1
2025-01-01,05,0.5,0.1
2025-02-01,05,0.3,-0.1
2025-03-01,05,0.2,0.1
2025-04-01,05,0.1,-0.1
2025-05-01,05,0.2,0.1
2025-06-01,05,0.1,0.0
2025-07-01,05,0.1,0.2
2025-08-01,05,0.2,0.1
2025-09-01,05,0.2,0.0
2025-10-01,05,0.3,0.0
2025-11-01,05,0.2,0.0
2025-12-01,05,0.3,0.0
2026-01-01,05,0.2,-0.1
2026-02-01,05,0.2,0.0
2026-03-01,05,0.1,-0.1
2026-04-01,05,0.4,0.2
2026-05-01,05,0.4,0.1
2026-06-01,05,0.4,0.0
2018-02-01,06,,0.1
2018-03-01,06,,0.1
2018-04-01,06,,0.2
2018-05-01,06,,0.0
2018-06-01,06,,-1.4
2018-07-01,06,,0.0
2018-08-01,06,,0.1
2018-09-01,06,,0.0
2018-10-01,06,,0.0
2018-11-01,06,,0.2
2018-12-01,06,,0.0
2019-01-01,06,-0.5,0.2
2019-02-01,06,-0.4,0.2
2019-03-01,06,-0.2,0.2
2019-04-01,06,-0.3,0.2
2019-05-01,06,-0.3,0.0
2019-06-01,06,1.2,0.2
2019-07-01,06,1.3,0.1
2019-08-01,06,1.4,0.2
2019-09-01,06,1.3,-0.1
2019-10-01,06,1.4,0.1
2019-11-01,06,1.4,0.2
2019-12-01,06,1.4,0.0
2020-01-01,06,1.4,0.2
2020-02-01,06,1.3,0.1
2020-03-01,06,1.4,0.3
2020-04-01,06,1.2,0.0
2020-05-01,06,1.2,0.0
2020-06-01,06,1.1,0.1
2020-07-01,06,1.1,0.1
2020-08-01,06,1.1,0.1
2020-09-01,06,1.1,0.0
2020-10-01,06,1.1,0.1
2020-11-01,06,1.0,0.0
2020-12-01,06,1.0,0.0
2021-01-01,06,0.7,0.0
2021-02-01,06,0.7,0.1
2021-03-01,06,0.5,0.1
2021-04-01,06,0.5,0.0
2021-05-01,06,0.6,0.1
2021-06-01,06,0.5,0.0
2021-07-01,06,0.4,0.0
2021-08-01,06,0.3,0.0
2021-09-01,06,0.3,0.0
2021-10-01,06,0.2,0.0
2021-11-01,06,0.2,0.0
2021-12-01,06,0.2,0.0
2022-01-01,06,0.3,0.1
2022-02-01,06,0.5,0.2
2022-03-01,06,0.2,-0.2
2022-04-01,06,0.2,0.1
2022-05-01,06,0.4,0.2
2022-06-01,06,0.6,0.2
2022-07-01,06,0.8,0.2
2022-08-01,06,0.9,0.1
2022-09-01,06,1.0,0.1
2022-10-01,06,1.0,0.1
2022-11-01,06,1.4,0.3
2022-12-01,06,1.3,-0.1
2023-01-01,06,1.6,0.4
2023-02-01,06,1.8,0.5
2023-03-01,06,2.2,0.1
2023-04-01,06,2.1,0.0
2023-05-01,06,1.9,0.1
2023-06-01,06,2.0,0.2
2023-07-01,06,2.0,0.2
2023-08-01,06,2.4,0.5
2023-09-01,06,2.2,-0.1
2023-10-01,06,2.4,0.2
2023-11-01,06,2.3,0.2
2023-12-01,06,2.5,0.2
2024-01-01,06,2.4,0.2
2024-02-01,06,2.3,0.4
2024-03-01,06,2.1,-0.1
2024-04-01,06,2.4,0.2
2024-05-01,06,2.4,0.1
2024-06-01,06,2.0,-0.2
2024-07-01,06,2.1,0.4
2024-08-01,06,1.7,0.1
2024-09-01,06,1.7,-0.1
2024-10-01,06,1.6,0.1
2024-11-01,06,1.5,0.2
2024-12-01,06,1.3,0.0
2025-01-01,06,1.5,0.4
2025-02-01,06,1.2,0.2
2025-03-01,06,1.3,0.0
2025-04-01,06,1.1,0.1
2025-05-01,06,1.2,0.2
2025-06-01,06,1.4,0.0
2025-07-01,06,1.1,0.2
2025-08-01,06,1.1,0.1
2025-09-01,06,1.3,0.1
2025-10-01,06,1.5,0.2
2025-11-01,06,1.4,0.1
2025-12-01,06,1.4,0.1
2026-01-01,06,1.2,0.2
2026-02-01,06,1.1,0.1
2026-03-01,06,1.4,0.2
2026-04-01,06,1.4,0.1
2026-05-01,06,1.2,-0.1
2026-06-01,06,1.2,0.0
2018-02-01,07,,-0.3
2018-03-01,07,,-1.2
2018-04-01,07,,0.0
2018-05-01,07,,-0.2
2018-06-01,07,,-0.8
2018-07-01,07,,0.0
2018-08-01,07,,0.1
2018-09-01,07,,0.3
2018-10-01,07,,0.3
2018-11-01,07,,0.1
2018-12-01,07,,-0.4
2019-01-01,07,-7.6,-5.4
2019-02-01,07,-6.8,0.5
2019-03-01,07,-3.2,2.6
2019-04-01,07,-2.7,0.5
2019-05-01,07,-2.5,0.1
2019-06-01,07,-2.0,-0.3
2019-07-01,07,-1.9,0.1
2019-08-01,07,-2.1,-0.1
2019-09-01,07,-2.2,0.1
2019-10-01,07,-2.3,0.2
2019-11-01,07,-2.4,0.0
2019-12-01,07,-1.9,0.1
2020-01-01,07,1.4,-2.3
2020-02-01,07,0.2,-0.7
2020-03-01,07,0.3,2.7
2020-04-01,07,0.2,0.4
2020-05-01,07,0.2,0.1
2020-06-01,07,-0.2,-0.6
2020-07-01,07,-0.2,0.1
2020-08-01,07,0.1,0.2
2020-09-01,07,-0.1,-0.1
2020-10-01,07,-0.2,0.1
2020-11-01,07,-0.2,0.0
2020-12-01,07,-0.3,0.0
2021-01-01,07,-0.6,-2.6
2021-02-01,07,0.5,0.3
2021-03-01,07,0.6,2.9
2021-04-01,07,0.6,0.4
2021-05-01,07,0.8,0.3
2021-06-01,07,1.0,-0.5
2021-07-01,07,1.0,0.1
2021-08-01,07,0.7,-0.1
2021-09-01,07,0.9,0.1
2021-10-01,07,1.1,0.3
2021-11-01,07,0.7,-0.4
2021-12-01,07,1.9,1.2
2022-01-01,07,3.3,-1.3
2022-02-01,07,3.5,0.5
2022-03-01,07,3.9,3.3
2022-04-01,07,4.2,0.6
2022-05-01,07,4.7,0.8
2022-06-01,07,5.2,0.0
2022-07-01,07,6.1,0.9
2022-08-01,07,6.7,0.5
2022-09-01,07,7.4,0.8
2022-10-01,07,7.7,0.5
2022-11-01,07,7.9,-0.2
2022-12-01,07,7.3,0.6
2023-01-01,07,6.5,-1.9
2023-02-01,07,6.2,0.2
2023-03-01,07,5.7,2.8
2023-04-01,07,5.9,0.8
2023-05-01,07,5.3,0.2
2023-06-01,07,4.9,-0.4
2023-07-01,07,4.1,0.2
2023-08-01,07,3.6,0.0
2023-09-01,07,2.9,0.2
2023-10-01,07,2.7,0.2
2023-11-01,07,2.3,-0.6
2023-12-01,07,2.3,0.6
2024-01-01,07,2.1,-2.0
2024-02-01,07,2.2,0.2
2024-03-01,07,2.4,3.0
2024-04-01,07,2.0,0.5
2024-05-01,07,2.1,0.3
2024-06-01,07,2.1,-0.5
2024-07-01,07,2.1,0.2
2024-08-01,07,2.2,0.1
2024-09-01,07,2.3,0.2
2024-10-01,07,2.0,0.0
2024-11-01,07,1.7,-0.9
2024-12-01,07,2.0,0.8
2025-01-01,07,2.2,-1.8
2025-02-01,07,2.6,0.6
2025-03-01,07,2.3,2.7
2025-04-01,07,2.2,0.4
2025-05-01,07,2.1,0.2
2025-06-01,07,2.3,-0.3
2025-07-01,07,2.2,0.2
2025-08-01,07,2.1,0.0
2025-09-01,07,2.1,0.2
2025-10-01,07,2.0,-0.1
2025-11-01,07,2.3,-0.5
2025-12-01,07,1.9,0.4
2026-01-01,07,1.5,-2.1
2026-02-01,07,1.2,0.2
2026-03-01,07,1.3,2.8
2026-04-01,07,1.4,0.5
2026-05-01,07,1.4,0.2
2026-06-01,07,1.5,-0.2
2018-02-01,08,,-0.1
2018-03-01,08,,-0.1
2018-04-01,08,,-0.1
2018-05-01,08,,-0.2
2018-06-01,08,,-3.0
2018-07-01,08,,0.0
2018-08-01,08,,-0.1
2018-09-01,08,,2.3
2018-10-01,08,,0.0
2018-11-01,08,,0.0
2018-12-01,08,,0.0
2019-01-01,08,-1.4,-0.1
2019-02-01,08,-1.2,0.1
2019-03-01,08,-1.1,0.0
2019-04-01,08,-1.1,-0.1
2019-05-01,08,-0.9,0.0
2019-06-01,08,2.1,0.0
2019-07-01,08,2.1,0.0
2019-08-01,08,2.2,0.0
2019-09-01,08,-0.1,0.0
2019-10-01,08,1.4,1.5
2019-11-01,08,1.5,0.1
2019-12-01,08,1.5,0.0
2020-01-01,08,1.6,0.0
2020-02-01,08,1.5,0.0
2020-03-01,08,1.5,0.0
2020-04-01,08,1.6,0.0
2020-05-01,08,1.6,0.0
2020-06-01,08,1.6,0.0
2020-07-01,08,1.6,0.0
2020-08-01,08,1.6,0.0
2020-09-01,08,1.6,0.0
2020-10-01,08,0.1,0.0
2020-11-01,08,0.0,0.0
2020-12-01,08,0.0,0.0
2021-01-01,08,0.0,0.0
2021-02-01,08,0.0,0.0
2021-03-01,08,0.0,0.0
2021-04-01,08,0.0,0.0
2021-05-01,08,0.0,0.0
2021-06-01,08,0.0,0.0
2021-07-01,08,0.0,0.0
2021-08-01,08,0.0,0.0
2021-09-01,08,0.0,0.0
2021-10-01,08,0.0,0.0
2021-11-01,08,0.0,0.0
2021-12-01,08,0.0,0.0
2022-01-01,08,0.0,0.0
2022-02-01,08,0.0,0.0
2022-03-01,08,0.0,0.0
2022-04-01,08,0.0,0.0
2022-05-01,08,0.0,0.0
2022-06-01,08,0.0,0.0
2022-07-01,08,0.0,0.0
2022-08-01,08,0.0,0.0
2022-09-01,08,0.0,0.0
2022-10-01,08,0.0,0.0
2022-11-01,08,0.0,0.0
2022-12-01,08,-0.1,-0.1
2023-01-01,08,-1.4,-1.3
2023-02-01,08,-1.4,0.0
2023-03-01,08,-1.4,0.0
2023-04-01,08,-1.4,0.0
2023-05-01,08,-3.7,-2.3
2023-06-01,08,-3.6,0.1
2023-07-01,08,-3.7,-0.1
2023-08-01,08,-3.7,0.0
2023-09-01,08,-3.7,0.0
2023-10-01,08,-3.7,0.0
2023-11-01,08,-3.7,0.0
2023-12-01,08,-3.7,-0.1
2024-01-01,08,-2.4,0.0
2024-02-01,08,-2.4,0.0
2024-03-01,08,-2.4,0.0
2024-04-01,08,-2.5,-0.1
2024-05-01,08,0.4,0.6
2024-06-01,08,0.3,0.0
2024-07-01,08,0.5,0.1
2024-08-01,08,0.5,0.0
2024-09-01,08,0.4,-0.1
2024-10-01,08,-1.7,-2.1
2024-11-01,08,-3.9,-2.3
2024-12-01,08,-5.4,-1.7
2025-01-01,08,-5.3,0.1
2025-02-01,08,-5.3,0.0
2025-03-01,08,-5.4,-0.1
2025-04-01,08,-4.5,0.9
2025-05-01,08,-5.2,-0.1
2025-06-01,08,-5.4,-0.2
2025-07-01,08,-6.4,-0.9
2025-08-01,08,-5.6,0.8
2025-09-01,08,-4.5,1.1
2025-10-01,08,-2.4,0.0
2025-11-01,08,-1.3,-1.2
2025-12-01,08,0.9,0.6
2026-01-01,08,0.7,-0.1
2026-02-01,08,0.5,-0.2
2026-03-01,08,1.4,0.8
2026-04-01,08,2.0,1.6
2026-05-01,08,2.1,0.0
2026-06-01,08,2.4,0.0
2018-02-01,09,,0.2
2018-03-01,09,,0.0
2018-04-01,09,,0.1
2018-05-01,09,,-0.1
2018-06-01,09,,-2.9
2018-07-01,09,,0.2
2018-08-01,09,,0.1
2018-09-01,09,,2.1
2018-10-01,09,,0.1
2018-11-01,09,,0.0
2018-12-01,09,,0.1
2019-01-01,09,-0.4,-0.1
2019-02-01,09,-0.4,0.2
2019-03-01,09,-0.4,-0.1
2019-04-01,09,-0.4,0.1
2019-05-01,09,-0.4,-0.1
2019-06-01,09,2.7,0.1
2019-07-01,09,2.4,-0.1
2019-08-01,09,2.3,0.0
2019-09-01,09,0.8,0.6
2019-10-01,09,0.7,0.0
2019-11-01,09,0.8,0.1
2019-12-01,09,0.5,-0.2
2020-01-01,09,0.9,0.3
2020-02-01,09,0.7,0.0
2020-03-01,09,0.7,-0.1
2020-04-01,09,0.6,0.0
2020-05-01,09,0.7,0.0
2020-06-01,09,0.6,0.0
2020-07-01,09,0.7,0.0
2020-08-01,09,0.6,-0.1
2020-09-01,09,0.1,0.1
2020-10-01,09,0.2,0.1
2020-11-01,09,0.1,0.0
2020-12-01,09,0.3,0.0
2021-01-01,09,0.1,0.1
2021-02-01,09,0.1,0.0
2021-03-01,09,0.5,0.4
2021-04-01,09,0.7,0.2
2021-05-01,09,0.6,-0.1
2021-06-01,09,0.6,0.0
2021-07-01,09,0.6,0.0
2021-08-01,09,0.7,0.0
2021-09-01,09,0.6,0.0
2021-10-01,09,0.2,-0.4
2021-11-01,09,0.2,0.0
2021-12-01,09,0.4,0.3
2022-01-01,09,1.2,0.8
2022-02-01,09,1.6,0.4
2022-03-01,09,1.2,-0.1
2022-04-01,09,1.3,0.4
2022-05-01,09,1.8,0.3
2022-06-01,09,2.2,0.4
2022-07-01,09,2.5,0.3
2022-08-01,09,2.7,0.3
2022-09-01,09,3.1,0.3
2022-10-01,09,3.4,-0.1
2022-11-01,09,3.6,0.2
2022-12-01,09,2.4,-0.9
2023-01-01,09,2.7,1.1
2023-02-01,09,1.7,-0.5
2023-03-01,09,1.8,0.0
2023-04-01,09,1.8,0.3
2023-05-01,09,1.8,0.3
2023-06-01,09,1.6,0.3
2023-07-01,09,1.1,-0.3
2023-08-01,09,1.0,0.2
2023-09-01,09,0.5,-0.2
2023-10-01,09,0.7,0.1
2023-11-01,09,0.6,0.1
2023-12-01,09,1.9,0.4
2024-01-01,09,0.8,0.0
2024-02-01,09,1.6,0.3
2024-03-01,09,1.5,-0.2
2024-04-01,09,2.0,0.8
2024-05-01,09,1.9,0.3
2024-06-01,09,1.9,0.3
2024-07-01,09,2.2,0.1
2024-08-01,09,2.0,0.0
2024-09-01,09,2.2,0.0
2024-10-01,09,2.0,-0.1
2024-11-01,09,2.0,0.1
2024-12-01,09,1.7,0.1
2025-01-01,09,1.8,0.1
2025-02-01,09,1.5,0.1
2025-03-01,09,1.7,0.0
2025-04-01,09,1.3,0.4
2025-05-01,09,0.9,-0.1
2025-06-01,09,0.8,0.1
2025-07-01,09,0.8,0.1
2025-08-01,09,0.9,0.2
2025-09-01,09,0.9,0.0
2025-10-01,09,1.2,0.2
2025-11-01,09,1.2,0.1
2025-12-01,09,0.8,-0.2
2026-01-01,09,0.9,0.2
2026-02-01,09,0.8,0.0
2026-03-01,09,1.0,0.2
2026-04-01,09,0.9,0.3
2026-05-01,09,1.1,0.1
2026-06-01,09,1.1,0.1
2018-02-01,10,,0.1
2018-03-01,10,,0.1
2018-04-01,10,,0.1
2018-05-01,10,,0.1
2018-06-01,10,,-0.2
2018-07-01,10,,0.1
2018-08-01,10,,0.1
2018-09-01,10,,0.0
2018-10-01,10,,0.0
2018-11-01,10,,0.3
2018-12-01,10,,-0.1
2019-01-01,10,0.9,0.4
2019-02-01,10,1.3,0.4
2019-03-01,10,1.3,0.1
2019-04-01,10,1.2,0.0
2019-05-01,10,1.2,0.1
2019-06-01,10,1.4,0.0
2019-07-01,10,1.4,0.1
2019-08-01,10,1.4,0.1
2019-09-01,10,1.8,0.4
2019-10-01,10,1.9,0.1
2019-11-01,10,1.6,0.0
2019-12-01,10,1.7,0.0
2020-01-01,10,1.7,0.4
2020-02-01,10,1.3,0.1
2020-03-01,10,1.3,0.0
2020-04-01,10,1.2,-0.1
2020-05-01,10,1.0,-0.1
2020-06-01,10,0.8,-0.2
2020-07-01,10,1.2,0.4
2020-08-01,10,1.1,0.0
2020-09-01,10,0.7,0.1
2020-10-01,10,0.7,0.0
2020-11-01,10,0.6,-0.1
2020-12-01,10,0.6,0.0
2021-01-01,10,0.2,0.0
2021-02-01,10,0.1,0.0
2021-03-01,10,0.0,-0.1
2021-04-01,10,0.2,0.2
2021-05-01,10,0.3,0.0
2021-06-01,10,0.5,0.0
2021-07-01,10,0.1,0.0
2021-08-01,10,0.0,-0.1
2021-09-01,10,-0.1,0.0
2021-10-01,10,-0.1,0.0
2021-11-01,10,0.1,0.1
2021-12-01,10,0.2,0.1
2022-01-01,10,0.7,0.5
2022-02-01,10,0.7,0.1
2022-03-01,10,0.9,0.1
2022-04-01,10,1.0,0.2
2022-05-01,10,1.0,0.0
2022-06-01,10,1.1,0.1
2022-07-01,10,1.2,0.1
2022-08-01,10,1.2,0.0
2022-09-01,10,1.3,0.1
2022-10-01,10,1.4,0.1
2022-11-01,10,1.5,0.2
2022-12-01,10,1.4,0.0
2023-01-01,10,1.3,0.4
2023-02-01,10,1.6,0.4
2023-03-01,10,1.7,0.2
2023-04-01,10,1.6,0.2
2023-05-01,10,1.9,0.2
2023-06-01,10,1.9,0.1
2023-07-01,10,2.0,0.2
2023-08-01,10,2.1,0.2
2023-09-01,10,2.0,0.0
2023-10-01,10,2.1,0.2
2023-11-01,10,2.0,0.0
2023-12-01,10,2.0,0.0
2024-01-01,10,1.7,0.2
2024-02-01,10,1.5,0.2
2024-03-01,10,1.5,0.2
2024-04-01,10,1.4,0.2
2024-05-01,10,1.5,0.3
2024-06-01,10,1.7,0.2
2024-07-01,10,1.7,0.2
2024-08-01,10,1.5,0.0
2024-09-01,10,1.5,0.0
2024-10-01,10,1.5,0.2
2024-11-01,10,1.5,0.0
2024-12-01,10,1.5,0.0
2025-01-01,10,1.6,0.2
2025-02-01,10,1.9,0.5
2025-03-01,10,2.2,0.5
2025-04-01,10,2.3,0.2
2025-05-01,10,2.2,0.2
2025-06-01,10,2.2,0.2
2025-07-01,10,2.2,0.2
2025-08-01,10,2.4,0.2
2025-09-01,10,2.4,0.0
2025-10-01,10,2.4,0.2
2025-11-01,10,2.6,0.2
2025-12-01,10,2.8,0.2
2026-01-01,10,3.2,0.7
2026-02-01,10,2.8,0.1
2026-03-01,10,2.5,0.2
2026-04-01,10,2.4,0.2
2026-05-01,10,2.2,0.1
2026-06-01,10,2.1,0.1
2018-02-01,11,,0.1
2018-03-01,11,,0.3
2018-04-01,11,,0.4
2018-05-01,11,,0.1
2018-06-01,11,,-0.8
2018-07-01,11,,0.0
2018-08-01,11,,0.2
2018-09-01,11,,0.5
2018-10-01,11,,0.2
2018-11-01,11,,0.2
2018-12-01,11,,0.2
2019-01-01,11,1.2,0.0
2019-02-01,11,1.3,0.2
2019-03-01,11,1.0,0.0
2019-04-01,11,0.8,0.2
2019-05-01,11,0.6,-0.2
2019-06-01,11,1.6,0.2
2019-07-01,11,1.7,0.1
2019-08-01,11,1.7,0.2
2019-09-01,11,1.5,0.2
2019-10-01,11,1.2,-0.1
2019-11-01,11,1.1,0.1
2019-12-01,11,1.1,0.2
2020-01-01,11,1.1,0.1
2020-02-01,11,1.1,0.2
2020-03-01,11,0.9,-0.2
2020-04-01,11,0.7,0.0
2020-05-01,11,1.0,0.2
2020-06-01,11,0.4,-0.4
2020-07-01,11,0.2,-0.2
2020-08-01,11,0.1,0.1
2020-09-01,11,0.0,0.2
2020-10-01,11,0.1,0.0
2020-11-01,11,0.0,0.0
2020-12-01,11,-0.2,0.0
2021-01-01,11,-0.1,0.2
2021-02-01,11,-0.3,-0.1
2021-03-01,11,0.0,0.1
2021-04-01,11,0.2,0.2
2021-05-01,11,0.1,0.1
2021-06-01,11,0.5,0.0
2021-07-01,11,0.7,0.1
2021-08-01,11,0.6,0.0
2021-09-01,11,0.3,-0.2
2021-10-01,11,0.6,0.3
2021-11-01,11,0.9,0.3
2021-12-01,11,1.3,0.4
2022-01-01,11,2.1,1.0
2022-02-01,11,2.6,0.4
2022-03-01,11,2.9,0.4
2022-04-01,11,3.2,0.4
2022-05-01,11,3.7,0.6
2022-06-01,11,5.0,1.3
2022-07-01,11,5.7,0.7
2022-08-01,11,6.4,0.6
2022-09-01,11,6.9,0.3
2022-10-01,11,6.8,0.3
2022-11-01,11,7.0,0.5
2022-12-01,11,7.4,0.7
2023-01-01,11,6.8,0.4
2023-02-01,11,7.4,0.9
2023-03-01,11,7.2,0.3
2023-04-01,11,6.6,-0.1
2023-05-01,11,6.6,0.5
2023-06-01,11,5.4,0.2
2023-07-01,11,5.1,0.3
2023-08-01,11,4.7,0.3
2023-09-01,11,4.4,0.1
2023-10-01,11,4.6,0.5
2023-11-01,11,4.3,0.1
2023-12-01,11,3.7,0.1
2024-01-01,11,3.2,-0.1
2024-02-01,11,2.9,0.6
2024-03-01,11,3.0,0.4
2024-04-01,11,3.5,0.3
2024-05-01,11,3.3,0.3
2024-06-01,11,3.3,0.3
2024-07-01,11,3.4,0.4
2024-08-01,11,3.2,0.1
2024-09-01,11,3.2,0.1
2024-10-01,11,2.8,0.1
2024-11-01,11,2.8,0.1
2024-12-01,11,2.9,0.3
2025-01-01,11,3.5,0.5
2025-02-01,11,3.5,0.6
2025-03-01,11,2.9,-0.1
2025-04-01,11,2.9,0.3
2025-05-01,11,3.0,0.4
2025-06-01,11,2.8,0.1
2025-07-01,11,3.1,0.8
2025-08-01,11,3.5,0.4
2025-09-01,11,3.3,-0.1
2025-10-01,11,3.4,0.2
2025-11-01,11,3.4,0.1
2025-12-01,11,3.1,0.0
2026-01-01,11,3.0,0.3
2026-02-01,11,2.5,0.1
2026-03-01,11,2.6,-0.1
2026-04-01,11,2.6,0.4
2026-05-01,11,2.5,0.3
2026-06-01,11,2.6,0.1
2018-02-01,12,,0.1
2018-03-01,12,,0.0
2018-04-01,12,,0.0
2018-05-01,12,,0.0
2018-06-01,12,,-2.6
2018-07-01,12,,0.0
2018-08-01,12,,0.0
2018-09-01,12,,0.4
2018-10-01,12,,0.5
2018-11-01,12,,0.0
2018-12-01,12,,0.0
2019-01-01,12,-1.5,0.1
2019-02-01,12,-1.6,0.0
2019-03-01,12,-1.6,0.0
2019-04-01,12,-1.6,0.0
2019-05-01,12,-1.6,0.0
2019-06-01,12,1.0,0.0
2019-07-01,12,1.0,0.0
2019-08-01,12,1.0,0.0
2019-09-01,12,0.6,0.0
2019-10-01,12,0.1,0.0
2019-11-01,12,0.1,0.0
2019-12-01,12,0.0,-0.1
2020-01-01,12,-0.1,0.0
2020-02-01,12,-0.1,0.0
2020-03-01,12,0.0,0.1
2020-04-01,12,0.0,0.0
2020-05-01,12,0.0,0.0
2020-06-01,12,0.0,0.0
2020-07-01,12,0.0,0.0
2020-08-01,12,0.0,0.0
2020-09-01,12,0.0,0.0
2020-10-01,12,0.0,0.0
2020-11-01,12,0.0,0.0
2020-12-01,12,0.1,0.0
2021-01-01,12,0.1,0.0
2021-02-01,12,0.1,0.0
2021-03-01,12,0.0,0.0
2021-04-01,12,0.0,0.0
2021-05-01,12,0.0,0.0
2021-06-01,12,0.0,0.0
2021-07-01,12,0.0,0.0
2021-08-01,12,0.0,0.0
2021-09-01,12,0.0,0.0
2021-10-01,12,0.0,0.0
2021-11-01,12,0.0,0.0
2021-12-01,12,0.0,0.0
2022-01-01,12,0.0,0.0
2022-02-01,12,0.0,0.0
2022-03-01,12,0.0,0.0
2022-04-01,12,0.0,0.0
2022-05-01,12,0.0,0.0
2022-06-01,12,0.3,0.3
2022-07-01,12,0.3,0.0
2022-08-01,12,0.3,0.0
2022-09-01,12,0.3,0.0
2022-10-01,12,0.3,0.0
2022-11-01,12,0.3,0.0
2022-12-01,12,0.3,0.0
2023-01-01,12,0.3,0.0
2023-02-01,12,0.4,0.1
2023-03-01,12,0.4,0.0
2023-04-01,12,0.4,0.0
2023-05-01,12,0.4,0.0
2023-06-01,12,0.1,0.0
2023-07-01,12,0.0,-0.1
2023-08-01,12,0.0,0.0
2023-09-01,12,0.0,0.0
2023-10-01,12,0.0,0.0
2023-11-01,12,0.0,0.0
2023-12-01,12,0.0,0.0
2024-01-01,12,0.0,0.0
2024-02-01,12,-0.1,0.0
2024-03-01,12,-0.1,0.0
2024-04-01,12,-0.1,0.0
2024-05-01,12,-0.1,0.0
2024-06-01,12,-0.1,0.0
2024-07-01,12,0.5,0.5
2024-08-01,12,0.5,0.0
2024-09-01,12,0.5,0.0
2024-10-01,12,0.5,0.0
2024-11-01,12,0.5,0.0
2024-12-01,12,0.5,0.0
2025-01-01,12,0.6,0.1
2025-02-01,12,1.5,0.8
2025-03-01,12,1.5,0.0
2025-04-01,12,1.5,0.0
2025-05-01,12,1.5,0.0
2025-06-01,12,1.5,0.0
2025-07-01,12,5.5,4.6
2025-08-01,12,5.6,0.1
2025-09-01,12,5.6,0.0
2025-10-01,12,5.6,0.0
2025-11-01,12,5.6,0.0
2025-12-01,12,5.6,0.0
2026-01-01,12,5.5,0.0
2026-02-01,12,4.7,0.0
2026-03-01,12,4.9,0.3
2026-04-01,12,4.9,0.0
2026-05-01,12,4.9,0.0
2026-06-01,12,5.7,0.8
2018-02-01,13,,-0.3
2018-03-01,13,,0.2
2018-04-01,13,,0.1
2018-05-01,13,,0.1
2018-06-01,13,,-3.1
2018-07-01,13,,-0.1
2018-08-01,13,,-0.2
2018-09-01,13,,0.2
2018-10-01,13,,0.3
2018-11-01,13,,0.2
2018-12-01,13,,0.0
2019-01-01,13,-2.4,0.4
2019-02-01,13,-2.2,-0.1
2019-03-01,13,-2.0,0.4
2019-04-01,13,-2.0,0.1
2019-05-01,13,-2.1,0.0
2019-06-01,13,1.4,0.3
2019-07-01,13,1.8,0.4
2019-08-01,13,2.5,0.5
2019-09-01,13,2.7,0.4
2019-10-01,13,2.2,-0.2
2019-11-01,13,2.5,0.4
2019-12-01,13,2.4,-0.1
2020-01-01,13,2.5,0.4
2020-02-01,13,2.5,-0.1
2020-03-01,13,2.6,0.4
2020-04-01,13,2.3,-0.2
2020-05-01,13,2.8,0.5
2020-06-01,13,3.0,0.4
2020-07-01,13,2.9,0.3
2020-08-01,13,3.1,0.7
2020-09-01,13,2.7,0.0
2020-10-01,13,2.8,-0.1
2020-11-01,13,2.3,-0.1
2020-12-01,13,2.2,-0.2
2021-01-01,13,1.8,0.1
2021-02-01,13,1.6,-0.3
2021-03-01,13,1.0,-0.2
2021-04-01,13,1.2,0.1
2021-05-01,13,0.7,0.0
2021-06-01,13,0.3,0.1
2021-07-01,13,0.1,0.0
2021-08-01,13,-0.6,0.0
2021-09-01,13,-0.5,0.1
2021-10-01,13,-0.2,0.3
2021-11-01,13,0.1,0.2
2021-12-01,13,0.4,0.2
2022-01-01,13,0.6,0.3
2022-02-01,13,1.1,0.2
2022-03-01,13,1.9,0.6
2022-04-01,13,1.8,0.0
2022-05-01,13,1.9,0.1
2022-06-01,13,2.2,0.4
2022-07-01,13,2.1,-0.1
2022-08-01,13,2.4,0.3
2022-09-01,13,2.4,0.1
2022-10-01,13,2.4,0.3
2022-11-01,13,2.6,0.3
2022-12-01,13,2.3,-0.1
2023-01-01,13,2.3,0.3
2023-02-01,13,2.5,0.3
2023-03-01,13,2.1,0.2
2023-04-01,13,2.5,0.4
2023-05-01,13,2.9,0.4
2023-06-01,13,2.7,0.2
2023-07-01,13,2.6,-0.2
2023-08-01,13,2.4,0.1
2023-09-01,13,2.5,0.2
2023-10-01,13,2.3,0.0
2023-11-01,13,2.3,0.4
2023-12-01,13,2.7,0.2
2024-01-01,13,2.5,0.1
2024-02-01,13,2.5,0.3
2024-03-01,13,2.6,0.4
2024-04-01,13,3.1,0.9
2024-05-01,13,3.0,0.3
2024-06-01,13,2.7,-0.1
2024-07-01,13,3.2,0.3
2024-08-01,13,3.2,0.1
2024-09-01,13,3.1,0.1
2024-10-01,13,3.4,0.2
2024-11-01,13,3.4,0.5
2024-12-01,13,3.2,0.0
2025-01-01,13,3.3,0.2
2025-02-01,13,3.7,0.7
2025-03-01,13,3.6,0.3
2025-04-01,13,4.1,1.3
2025-05-01,13,3.7,0.0
2025-06-01,13,4.2,0.4
2025-07-01,13,3.9,0.0
2025-08-01,13,4.0,0.2
2025-09-01,13,4.8,0.8
2025-10-01,13,6.0,1.4
2025-11-01,13,5.6,0.1
2025-12-01,13,5.7,0.1
2026-01-01,13,6.6,1.0
2026-02-01,13,6.9,1.0
2026-03-01,13,7.0,0.4
2026-04-01,13,4.8,-0.7
2026-05-01,13,4.8,-0.1
2026-06-01,13,3.4,-0.9
