,series,date,index,index_sa
0,abs,2015-01-01,101.029,101.011
1,abs,2015-02-01,90.812,98.808
2,abs,2015-03-01,101.66,98.567
3,abs,2015-04-01,97.041,98.377
4,abs,2015-05-01,100.677,100.157
5,abs,2015-06-01,100.905,99.91
6,abs,2015-07-01,100.42,100.112
7,abs,2015-08-01,98.206,99.464
8,abs,2015-09-01,101.531,101.319
9,abs,2015-10-01,104.589,100.764
10,abs,2015-11-01,99.544,99.827
11,abs,2015-12-01,103.587,99.592
12,abs,2016-01-01,104.303,102.1
13,abs,2016-02-01,94.629,102.7
14,abs,2016-03-01,104.343,102.8
15,abs,2016-04-01,99.762,103.1
16,abs,2016-05-01,103.588,103.4
17,abs,2016-06-01,106.333,105.6
18,abs,2016-07-01,104.235,103.6
19,abs,2016-08-01,103.132,103.5
20,abs,2016-09-01,104.638,105.0
21,abs,2016-10-01,109.175,105.2
22,abs,2016-11-01,106.408,105.6
23,abs,2016-12-01,108.95,106.7
24,abs,2017-01-01,108.212,105.678
25,abs,2017-02-01,99.487,107.995
26,abs,2017-03-01,109.084,107.512
27,abs,2017-04-01,103.819,106.72
28,abs,2017-05-01,107.854,107.537
29,abs,2017-06-01,109.514,109.008
30,abs,2017-07-01,110.29,109.808
31,abs,2017-08-01,110.216,110.788
32,abs,2017-09-01,109.496,109.983
33,abs,2017-10-01,112.825,109.167
34,abs,2017-11-01,111.842,110.804
35,abs,2017-12-01,112.03,109.852
36,abs,2018-01-01,113.447,109.866
37,abs,2018-02-01,101.82,110.83
38,abs,2018-03-01,112.27,111.09
39,abs,2018-04-01,108.986,113.036
40,abs,2018-05-01,111.631,112.183
41,abs,2018-06-01,111.803,112.025
42,abs,2018-07-01,113.269,113.033
43,abs,2018-08-01,112.342,112.136
44,abs,2018-09-01,112.364,112.151
45,abs,2018-10-01,117.756,113.634
46,abs,2018-11-01,114.258,112.486
47,abs,2018-12-01,115.97,112.405
48,abs,2019-01-01,117.74,113.451
49,abs,2019-02-01,104.275,112.911
50,abs,2019-03-01,116.006,114.499
51,abs,2019-04-01,112.671,116.883
52,abs,2019-05-01,116.224,117.789
53,abs,2019-06-01,115.317,116.009
54,abs,2019-07-01,114.771,115.648
55,abs,2019-08-01,114.887,114.464
56,abs,2019-09-01,114.27,113.614
57,abs,2019-10-01,118.046,113.803
58,abs,2019-11-01,116.976,114.874
59,abs,2019-12-01,117.452,113.648
60,abs,2020-01-01,118.547,114.191
61,abs,2020-02-01,110.597,118.496
62,abs,2020-03-01,110.082,108.343
63,abs,2020-04-01,77.06,79.766
64,abs,2020-05-01,91.279,93.509
65,abs,2020-06-01,115.479,115.706
66,abs,2020-07-01,116.859,119.444
67,abs,2020-08-01,114.805,114.753
68,abs,2020-09-01,115.98,115.01
69,abs,2020-10-01,117.862,113.92
70,abs,2020-11-01,114.393,111.779
71,abs,2020-12-01,119.519,115.305
72,abs,2021-01-01,120.041,116.033
73,abs,2021-02-01,112.384,119.701
74,abs,2021-03-01,120.629,118.365
75,abs,2021-04-01,115.27,120.731
76,abs,2021-05-01,115.331,118.745
77,abs,2021-06-01,116.946,116.882
78,abs,2021-07-01,110.607,113.621
79,abs,2021-08-01,114.452,114.128
80,abs,2021-09-01,118.272,116.78
81,abs,2021-10-01,124.39,120.23
82,abs,2021-11-01,124.942,121.888
83,abs,2021-12-01,126.595,122.476
84,abs,2022-01-01,125.596,122.249
85,abs,2022-02-01,116.596,123.355
86,abs,2022-03-01,126.601,124.059
87,abs,2022-04-01,120.269,126.849
88,abs,2022-05-01,119.527,123.309
89,abs,2022-06-01,130.989,130.293
90,abs,2022-07-01,125.077,128.228
91,abs,2022-08-01,129.96,129.242
92,abs,2022-09-01,131.337,129.37
93,abs,2022-10-01,130.299,126.123
94,abs,2022-11-01,131.294,127.845
95,abs,2022-12-01,130.164,126.652
96,abs,2023-01-01,127.613,124.696
97,abs,2023-02-01,121.118,127.24
98,abs,2023-03-01,131.065,127.705
99,abs,2023-04-01,116.888,123.236
100,abs,2023-05-01,124.975,130.605
101,abs,2023-06-01,127.638,126.513
102,abs,2023-07-01,124.973,127.637
103,abs,2023-08-01,129.067,127.728
104,abs,2023-09-01,130.466,128.418
105,abs,2023-10-01,132.877,128.989
106,abs,2023-11-01,132.0,128.406
107,abs,2023-12-01,130.0,127.15
108,abs,2024-01-01,132.68,130.463
109,abs,2024-02-01,124.51,131.167
110,abs,2024-03-01,134.043,130.78
111,abs,2024-04-01,123.642,130.981
112,abs,2024-05-01,128.446,134.236
113,abs,2024-06-01,134.475,132.773
114,abs,2024-07-01,132.604,134.037
115,abs,2024-08-01,134.412,132.756
116,abs,2024-09-01,133.872,131.747
117,abs,2024-10-01,136.087,132.005
118,abs,2024-11-01,136.749,133.185
119,abs,2024-12-01,136.053,133.42
120,abs,2025-01-01,135.546,133.374
121,abs,2025-02-01,126.344,133.039
122,abs,2025-03-01,138.119,134.608
123,abs,2025-04-01,127.095,135.076
124,abs,2025-05-01,128.492,134.415
125,abs,2025-06-01,138.097,136.26
126,abs,2025-07-01,137.747,138.676
127,abs,2025-08-01,141.011,138.995
128,abs,2025-09-01,140.978,138.727
129,abs,2025-10-01,143.992,139.777
130,abs,2025-11-01,142.341,138.844
131,abs,2025-12-01,142.574,140.096
132,abs,2026-01-01,143.497,141.33
133,abs,2026-02-01,130.288,137.227
134,abs,2026-03-01,142.416,138.726
135,abs,2026-04-01,137.506,146.344
136,abs,2026-05-01,139.382,145.838
137,abs,2026-06-01,147.109,145.114
138,abs,2026-07-01,144.162,144.915
139,growth_yoy,2016-01-01,3.24,1.078
140,growth_yoy,2016-02-01,4.204,3.939
141,growth_yoy,2016-03-01,2.639,4.294
142,growth_yoy,2016-04-01,2.804,4.801
143,growth_yoy,2016-05-01,2.891,3.238
144,growth_yoy,2016-06-01,5.379,5.695
145,growth_yoy,2016-07-01,3.798,3.484
146,growth_yoy,2016-08-01,5.016,4.058
147,growth_yoy,2016-09-01,3.06,3.633
148,growth_yoy,2016-10-01,4.385,4.402
149,growth_yoy,2016-11-01,6.896,5.783
150,growth_yoy,2016-12-01,5.177,7.137
151,growth_yoy,2017-01-01,3.748,3.504
152,growth_yoy,2017-02-01,5.134,5.156
153,growth_yoy,2017-03-01,4.544,4.584
154,growth_yoy,2017-04-01,4.067,3.511
155,growth_yoy,2017-05-01,4.118,4.001
156,growth_yoy,2017-06-01,2.992,3.227
157,growth_yoy,2017-07-01,5.809,5.992
158,growth_yoy,2017-08-01,6.869,7.042
159,growth_yoy,2017-09-01,4.643,4.746
160,growth_yoy,2017-10-01,3.343,3.771
161,growth_yoy,2017-11-01,5.106,4.928
162,growth_yoy,2017-12-01,2.828,2.954
163,growth_yoy,2018-01-01,4.838,3.963
164,growth_yoy,2018-02-01,2.344,2.625
165,growth_yoy,2018-03-01,2.921,3.328
166,growth_yoy,2018-04-01,4.977,5.918
167,growth_yoy,2018-05-01,3.502,4.32
168,growth_yoy,2018-06-01,2.09,2.768
169,growth_yoy,2018-07-01,2.702,2.937
170,growth_yoy,2018-08-01,1.93,1.217
171,growth_yoy,2018-09-01,2.619,1.971
172,growth_yoy,2018-10-01,4.371,4.092
173,growth_yoy,2018-11-01,2.16,1.518
174,growth_yoy,2018-12-01,3.517,2.324
175,growth_yoy,2019-01-01,3.785,3.263
176,growth_yoy,2019-02-01,2.412,1.878
177,growth_yoy,2019-03-01,3.327,3.069
178,growth_yoy,2019-04-01,3.381,3.403
179,growth_yoy,2019-05-01,4.115,4.997
180,growth_yoy,2019-06-01,3.144,3.556
181,growth_yoy,2019-07-01,1.325,2.313
182,growth_yoy,2019-08-01,2.265,2.076
183,growth_yoy,2019-09-01,1.696,1.304
184,growth_yoy,2019-10-01,0.246,0.149
185,growth_yoy,2019-11-01,2.379,2.123
186,growth_yoy,2019-12-01,1.278,1.106
187,growth_yoy,2020-01-01,0.685,0.652
188,growth_yoy,2020-02-01,6.063,4.946
189,growth_yoy,2020-03-01,-5.106,-5.376
190,growth_yoy,2020-04-01,-31.607,-31.756
191,growth_yoy,2020-05-01,-21.463,-20.613
192,growth_yoy,2020-06-01,0.14,-0.261
193,growth_yoy,2020-07-01,1.819,3.282
194,growth_yoy,2020-08-01,-0.071,0.252
195,growth_yoy,2020-09-01,1.497,1.229
196,growth_yoy,2020-10-01,-0.156,0.103
197,growth_yoy,2020-11-01,-2.208,-2.694
198,growth_yoy,2020-12-01,1.76,1.458
199,growth_yoy,2021-01-01,1.26,1.613
200,growth_yoy,2021-02-01,1.615,1.017
201,growth_yoy,2021-03-01,9.582,9.25
202,growth_yoy,2021-04-01,49.586,51.356
203,growth_yoy,2021-05-01,26.35,26.988
204,growth_yoy,2021-06-01,1.271,1.016
205,growth_yoy,2021-07-01,-5.35,-4.875
206,growth_yoy,2021-08-01,-0.308,-0.545
207,growth_yoy,2021-09-01,1.976,1.539
208,growth_yoy,2021-10-01,5.539,5.539
209,growth_yoy,2021-11-01,9.222,9.044
210,growth_yoy,2021-12-01,5.92,6.219
211,growth_yoy,2022-01-01,4.628,5.357
212,growth_yoy,2022-02-01,3.748,3.053
213,growth_yoy,2022-03-01,4.95,4.811
214,growth_yoy,2022-04-01,4.336,5.067
215,growth_yoy,2022-05-01,3.638,3.844
216,growth_yoy,2022-06-01,12.009,11.474
217,growth_yoy,2022-07-01,13.082,12.856
218,growth_yoy,2022-08-01,13.55,13.243
219,growth_yoy,2022-09-01,11.047,10.781
220,growth_yoy,2022-10-01,4.75,4.901
221,growth_yoy,2022-11-01,5.084,4.887
222,growth_yoy,2022-12-01,2.819,3.41
223,growth_yoy,2023-01-01,1.606,2.002
224,growth_yoy,2023-02-01,3.878,3.149
225,growth_yoy,2023-03-01,3.526,2.939
226,growth_yoy,2023-04-01,-2.811,-2.848
227,growth_yoy,2023-05-01,4.557,5.917
228,growth_yoy,2023-06-01,-2.558,-2.901
229,growth_yoy,2023-07-01,-0.083,-0.461
230,growth_yoy,2023-08-01,-0.687,-1.171
231,growth_yoy,2023-09-01,-0.663,-0.736
232,growth_yoy,2023-10-01,1.978,2.272
233,growth_yoy,2023-11-01,0.537,0.439
234,growth_yoy,2023-12-01,-0.126,0.393
235,growth_yoy,2024-01-01,3.97,4.625
236,growth_yoy,2024-02-01,2.801,3.086
237,growth_yoy,2024-03-01,2.272,2.408
238,growth_yoy,2024-04-01,5.778,6.285
239,growth_yoy,2024-05-01,2.777,2.78
240,growth_yoy,2024-06-01,5.356,4.948
241,growth_yoy,2024-07-01,6.106,5.014
242,growth_yoy,2024-08-01,4.141,3.936
243,growth_yoy,2024-09-01,2.611,2.592
244,growth_yoy,2024-10-01,2.416,2.338
245,growth_yoy,2024-11-01,3.598,3.722
246,growth_yoy,2024-12-01,4.656,4.931
247,growth_yoy,2025-01-01,2.16,2.231
248,growth_yoy,2025-02-01,1.473,1.427
249,growth_yoy,2025-03-01,3.041,2.927
250,growth_yoy,2025-04-01,2.793,3.126
251,growth_yoy,2025-05-01,0.036,0.133
252,growth_yoy,2025-06-01,2.693,2.626
253,growth_yoy,2025-07-01,3.878,3.461
254,growth_yoy,2025-08-01,4.909,4.7
255,growth_yoy,2025-09-01,5.308,5.298
256,growth_yoy,2025-10-01,5.809,5.888
257,growth_yoy,2025-11-01,4.089,4.249
258,growth_yoy,2025-12-01,4.793,5.004
259,growth_yoy,2026-01-01,5.866,5.965
260,growth_yoy,2026-02-01,3.122,3.148
261,growth_yoy,2026-03-01,3.112,3.059
262,growth_yoy,2026-04-01,8.191,8.342
263,growth_yoy,2026-05-01,8.475,8.498
264,growth_yoy,2026-06-01,6.526,6.498
265,growth_yoy,2026-07-01,4.657,4.499
266,growth_mom,2015-02-01,-10.113,-2.181
267,growth_mom,2015-03-01,11.946,-0.243
268,growth_mom,2015-04-01,-4.544,-0.193
269,growth_mom,2015-05-01,3.747,1.809
270,growth_mom,2015-06-01,0.226,-0.247
271,growth_mom,2015-07-01,-0.48,0.202
272,growth_mom,2015-08-01,-2.206,-0.647
273,growth_mom,2015-09-01,3.387,1.865
274,growth_mom,2015-10-01,3.012,-0.548
275,growth_mom,2015-11-01,-4.824,-0.93
276,growth_mom,2015-12-01,4.062,-0.235
277,growth_mom,2016-01-01,0.691,2.518
278,growth_mom,2016-02-01,-9.275,0.588
279,growth_mom,2016-03-01,10.265,0.097
280,growth_mom,2016-04-01,-4.39,0.292
281,growth_mom,2016-05-01,3.835,0.291
282,growth_mom,2016-06-01,2.65,2.128
283,growth_mom,2016-07-01,-1.973,-1.894
284,growth_mom,2016-08-01,-1.058,-0.097
285,growth_mom,2016-09-01,1.46,1.449
286,growth_mom,2016-10-01,4.336,0.19
287,growth_mom,2016-11-01,-2.535,0.38
288,growth_mom,2016-12-01,2.388,1.042
289,growth_mom,2017-01-01,-0.677,-0.958
290,growth_mom,2017-02-01,-8.062,2.193
291,growth_mom,2017-03-01,9.646,-0.447
292,growth_mom,2017-04-01,-4.827,-0.737
293,growth_mom,2017-05-01,3.886,0.766
294,growth_mom,2017-06-01,1.54,1.368
295,growth_mom,2017-07-01,0.708,0.734
296,growth_mom,2017-08-01,-0.067,0.892
297,growth_mom,2017-09-01,-0.653,-0.727
298,growth_mom,2017-10-01,3.04,-0.742
299,growth_mom,2017-11-01,-0.871,1.5
300,growth_mom,2017-12-01,0.169,-0.859
301,growth_mom,2018-01-01,1.264,0.013
302,growth_mom,2018-02-01,-10.249,0.877
303,growth_mom,2018-03-01,10.264,0.235
304,growth_mom,2018-04-01,-2.925,1.752
305,growth_mom,2018-05-01,2.426,-0.755
306,growth_mom,2018-06-01,0.154,-0.141
307,growth_mom,2018-07-01,1.312,0.9
308,growth_mom,2018-08-01,-0.818,-0.794
309,growth_mom,2018-09-01,0.019,0.013
310,growth_mom,2018-10-01,4.799,1.322
311,growth_mom,2018-11-01,-2.971,-1.01
312,growth_mom,2018-12-01,1.499,-0.072
313,growth_mom,2019-01-01,1.526,0.931
314,growth_mom,2019-02-01,-11.436,-0.476
315,growth_mom,2019-03-01,11.249,1.406
316,growth_mom,2019-04-01,-2.874,2.082
317,growth_mom,2019-05-01,3.153,0.775
318,growth_mom,2019-06-01,-0.78,-1.511
319,growth_mom,2019-07-01,-0.474,-0.311
320,growth_mom,2019-08-01,0.102,-1.024
321,growth_mom,2019-09-01,-0.537,-0.743
322,growth_mom,2019-10-01,3.305,0.166
323,growth_mom,2019-11-01,-0.907,0.941
324,growth_mom,2019-12-01,0.407,-1.067
325,growth_mom,2020-01-01,0.932,0.478
326,growth_mom,2020-02-01,-6.706,3.77
327,growth_mom,2020-03-01,-0.466,-8.568
328,growth_mom,2020-04-01,-29.998,-26.376
329,growth_mom,2020-05-01,18.452,17.229
330,growth_mom,2020-06-01,26.512,23.738
331,growth_mom,2020-07-01,1.195,3.231
332,growth_mom,2020-08-01,-1.757,-3.927
333,growth_mom,2020-09-01,1.023,0.224
334,growth_mom,2020-10-01,1.623,-0.948
335,growth_mom,2020-11-01,-2.943,-1.879
336,growth_mom,2020-12-01,4.481,3.154
337,growth_mom,2021-01-01,0.437,0.631
338,growth_mom,2021-02-01,-6.379,3.161
339,growth_mom,2021-03-01,7.337,-1.116
340,growth_mom,2021-04-01,-4.443,1.999
341,growth_mom,2021-05-01,0.053,-1.645
342,growth_mom,2021-06-01,1.4,-1.569
343,growth_mom,2021-07-01,-5.42,-2.79
344,growth_mom,2021-08-01,3.476,0.446
345,growth_mom,2021-09-01,3.338,2.324
346,growth_mom,2021-10-01,5.173,2.954
347,growth_mom,2021-11-01,0.443,1.379
348,growth_mom,2021-12-01,1.323,0.482
349,growth_mom,2022-01-01,-0.789,-0.185
350,growth_mom,2022-02-01,-7.166,0.905
351,growth_mom,2022-03-01,8.581,0.571
352,growth_mom,2022-04-01,-5.002,2.249
353,growth_mom,2022-05-01,-0.616,-2.791
354,growth_mom,2022-06-01,9.589,5.664
355,growth_mom,2022-07-01,-4.514,-1.585
356,growth_mom,2022-08-01,3.904,0.791
357,growth_mom,2022-09-01,1.059,0.099
358,growth_mom,2022-10-01,-0.79,-2.51
359,growth_mom,2022-11-01,0.764,1.365
360,growth_mom,2022-12-01,-0.861,-0.933
361,growth_mom,2023-01-01,-1.96,-1.544
362,growth_mom,2023-02-01,-5.09,2.04
363,growth_mom,2023-03-01,8.213,0.365
364,growth_mom,2023-04-01,-10.816,-3.499
365,growth_mom,2023-05-01,6.918,5.98
366,growth_mom,2023-06-01,2.131,-3.133
367,growth_mom,2023-07-01,-2.088,0.888
368,growth_mom,2023-08-01,3.276,0.071
369,growth_mom,2023-09-01,1.084,0.54
370,growth_mom,2023-10-01,1.848,0.445
371,growth_mom,2023-11-01,-0.66,-0.452
372,growth_mom,2023-12-01,-1.515,-0.978
373,growth_mom,2024-01-01,2.062,2.606
374,growth_mom,2024-02-01,-6.158,0.54
375,growth_mom,2024-03-01,7.656,-0.295
376,growth_mom,2024-04-01,-7.759,0.154
377,growth_mom,2024-05-01,3.885,2.485
378,growth_mom,2024-06-01,4.694,-1.09
379,growth_mom,2024-07-01,-1.391,0.952
380,growth_mom,2024-08-01,1.363,-0.956
381,growth_mom,2024-09-01,-0.401,-0.76
382,growth_mom,2024-10-01,1.654,0.196
383,growth_mom,2024-11-01,0.486,0.894
384,growth_mom,2024-12-01,-0.509,0.176
385,growth_mom,2025-01-01,-0.373,-0.034
386,growth_mom,2025-02-01,-6.789,-0.251
387,growth_mom,2025-03-01,9.32,1.179
388,growth_mom,2025-04-01,-7.981,0.348
389,growth_mom,2025-05-01,1.099,-0.489
390,growth_mom,2025-06-01,7.475,1.373
391,growth_mom,2025-07-01,-0.254,1.773
392,growth_mom,2025-08-01,2.37,0.23
393,growth_mom,2025-09-01,-0.023,-0.193
394,growth_mom,2025-10-01,2.138,0.757
395,growth_mom,2025-11-01,-1.146,-0.667
396,growth_mom,2025-12-01,0.163,0.902
397,growth_mom,2026-01-01,0.647,0.881
398,growth_mom,2026-02-01,-9.205,-2.904
399,growth_mom,2026-03-01,9.309,1.093
400,growth_mom,2026-04-01,-3.448,5.491
401,growth_mom,2026-05-01,1.364,-0.346
402,growth_mom,2026-06-01,5.544,-0.496
403,growth_mom,2026-07-01,-2.003,-0.137
