Date,KLCI
2015-01-02,1752.77001953125
2015-01-05,1736.6199951171875
2015-01-06,1716.5799560546875
2015-01-07,1709.1800537109375
2015-01-08,1728.06005859375
2015-01-09,1732.43994140625
2015-01-12,1735.0799560546875
2015-01-13,1748.9000244140625
2015-01-14,1742.010009765625
2015-01-15,1745.0
2015-01-16,1743.5699462890625
2015-01-19,1753.31005859375
2015-01-20,1750.1099853515625
2015-01-21,1770.0899658203125
2015-01-22,1781.75
2015-01-23,1803.0799560546875
2015-01-26,1796.43994140625
2015-01-27,1803.1700439453125
2015-01-28,1795.8800048828125
2015-01-29,1782.1800537109375
2015-01-30,1781.260009765625
2015-02-04,1803.02001953125
2015-02-05,1803.0899658203125
2015-02-06,1809.43994140625
2015-02-09,1811.5799560546875
2015-02-10,1811.1199951171875
2015-02-11,1798.949951171875
2015-02-12,1789.0699462890625
2015-02-13,1800.949951171875
2015-02-16,1808.8900146484375
2015-02-17,1810.0899658203125
2015-02-18,1807.8699951171875
2015-02-23,1809.3900146484375
2015-02-24,1818.6800537109375
2015-02-25,1815.8599853515625
2015-02-26,1820.8699951171875
2015-02-27,1821.2099609375
2015-03-02,1817.1300048828125
2015-03-03,1821.25
2015-03-04,1825.5400390625
2015-03-05,1806.0899658203125
2015-03-06,1806.9599609375
2015-03-09,1791.739990234375
2015-03-10,1789.72998046875
2015-03-11,1778.1600341796875
2015-03-12,1786.8699951171875
2015-03-13,1781.75
2015-03-16,1780.5400390625
2015-03-17,1787.8699951171875
2015-03-18,1797.5699462890625
2015-03-19,1809.1300048828125
2015-03-20,1803.6500244140625
2015-03-23,1795.8499755859375
2015-03-24,1814.0400390625
2015-03-25,1819.0999755859375
2015-03-26,1818.4200439453125
2015-03-27,1813.3699951171875
2015-03-30,1821.8299560546875
2015-03-31,1830.780029296875
2015-04-01,1826.31005859375
2015-04-02,1831.969970703125
2015-04-03,1834.52001953125
2015-04-06,1842.93994140625
2015-04-07,1856.510009765625
2015-04-08,1850.31005859375
2015-04-09,1849.3900146484375
2015-04-10,1844.31005859375
2015-04-13,1842.0799560546875
2015-04-14,1839.6099853515625
2015-04-15,1840.1300048828125
2015-04-16,1847.93994140625
2015-04-17,1845.8599853515625
2015-04-20,1848.6600341796875
2015-04-21,1862.800048828125
2015-04-22,1854.77001953125
2015-04-23,1846.0799560546875
2015-04-24,1862.5799560546875
2015-04-27,1859.5799560546875
2015-04-28,1855.06005859375
2015-04-29,1842.9300537109375
2015-04-30,1818.27001953125
2015-05-05,1827.4200439453125
2015-05-06,1820.969970703125
2015-05-07,1805.0999755859375
2015-05-08,1807.6500244140625
2015-05-11,1805.489990234375
2015-05-12,1798.6099853515625
2015-05-13,1803.02001953125
2015-05-14,1805.8699951171875
2015-05-15,1811.9200439453125
2015-05-18,1823.5
2015-05-19,1809.719970703125
2015-05-20,1810.1099853515625
2015-05-21,1795.0400390625
2015-05-22,1787.5
2015-05-25,1767.3800048828125
2015-05-26,1764.0699462890625
2015-05-27,1755.050048828125
2015-05-28,1755.56005859375
2015-05-29,1747.52001953125
2015-06-01,1743.4100341796875
2015-06-02,1741.3699951171875
2015-06-03,1749.1700439453125
2015-06-04,1741.47998046875
2015-06-05,1745.3299560546875
2015-06-08,1739.449951171875
2015-06-09,1729.050048828125
2015-06-10,1735.6300048828125
2015-06-11,1734.760009765625
2015-06-12,1734.3699951171875
2015-06-15,1722.1600341796875
2015-06-16,1722.239990234375
2015-06-17,1726.8599853515625
2015-06-18,1718.1199951171875
2015-06-19,1721.77001953125
2015-06-22,1732.760009765625
2015-06-23,1726.8599853515625
2015-06-24,1731.6800537109375
2015-06-25,1716.81005859375
2015-06-26,1710.469970703125
2015-06-29,1691.9200439453125
2015-06-30,1706.6400146484375
2015-07-01,1727.9599609375
2015-07-02,1733.8800048828125
2015-07-03,1734.239990234375
2015-07-06,1717.050048828125
2015-07-07,1712.300048828125
2015-07-08,1695.8299560546875
2015-07-09,1701.5400390625
2015-07-10,1715.5799560546875
2015-07-13,1716.1099853515625
2015-07-14,1721.0999755859375
2015-07-15,1715.5799560546875
2015-07-16,1726.72998046875
2015-07-20,1724.1300048828125
2015-07-21,1736.18994140625
2015-07-22,1729.530029296875
2015-07-23,1722.43994140625
2015-07-24,1720.760009765625
2015-07-27,1709.760009765625
2015-07-28,1699.699951171875
2015-07-29,1698.989990234375
2015-07-30,1699.9200439453125
2015-07-31,1723.1400146484375
2015-08-03,1744.18994140625
2015-08-04,1723.72998046875
2015-08-05,1725.56005859375
2015-08-06,1694.6400146484375
2015-08-07,1682.6500244140625
2015-08-10,1654.3699951171875
2015-08-11,1636.7099609375
2015-08-12,1609.9300537109375
2015-08-13,1621.6199951171875
2015-08-14,1596.8199462890625
2015-08-17,1572.5400390625
2015-08-18,1579.5999755859375
2015-08-19,1582.43994140625
2015-08-20,1577.4100341796875
2015-08-21,1574.6700439453125
2015-08-24,1532.1400146484375
2015-08-25,1563.93994140625
2015-08-26,1580.3699951171875
2015-08-27,1601.699951171875
2015-08-28,1612.739990234375
2015-09-01,1609.2099609375
2015-09-02,1590.18994140625
2015-09-03,1602.75
2015-09-04,1589.1600341796875
2015-09-07,1582.8499755859375
2015-09-08,1587.1199951171875
2015-09-09,1603.3599853515625
2015-09-10,1614.02001953125
2015-09-11,1603.5999755859375
2015-09-14,1639.6300048828125
2015-09-15,1647.1500244140625
2015-09-17,1681.5400390625
2015-09-18,1669.449951171875
2015-09-21,1639.469970703125
2015-09-22,1635.3699951171875
2015-09-23,1613.1700439453125
2015-09-25,1615.010009765625
2015-09-28,1608.4300537109375
2015-09-29,1603.3199462890625
2015-09-30,1621.0400390625
2015-10-01,1633.9300537109375
2015-10-02,1628.800048828125
2015-10-05,1647.5899658203125
2015-10-06,1662.510009765625
2015-10-07,1689.25
2015-10-08,1692.199951171875
2015-10-09,1706.5400390625
2015-10-12,1709.8599853515625
2015-10-13,1711.1400146484375
2015-10-15,1713.25
2015-10-16,1716.8199462890625
2015-10-19,1718.199951171875
2015-10-20,1705.030029296875
2015-10-21,1707.1099853515625
2015-10-22,1705.0899658203125
2015-10-23,1710.9300537109375
2015-10-26,1706.7900390625
2015-10-27,1696.949951171875
2015-10-28,1686.510009765625
2015-10-29,1666.97998046875
2015-10-30,1665.7099609375
2015-11-02,1664.0699462890625
2015-11-03,1677.56005859375
2015-11-04,1685.6199951171875
2015-11-05,1688.5400390625
2015-11-06,1685.699951171875
2015-11-09,1686.1099853515625
2015-11-11,1665.3199462890625
2015-11-12,1663.199951171875
2015-11-13,1658.9100341796875
2015-11-16,1656.0
2015-11-17,1661.530029296875
2015-11-18,1656.5
2015-11-19,1660.06005859375
2015-11-20,1661.8900146484375
2015-11-23,1670.9000244140625
2015-11-24,1677.030029296875
2015-11-25,1684.4200439453125
2015-11-26,1683.0899658203125
2015-11-27,1682.5899658203125
2015-11-30,1672.1600341796875
2015-12-01,1682.3699951171875
2015-12-02,1676.77001953125
2015-12-03,1673.9200439453125
2015-12-04,1667.8699951171875
2015-12-07,1672.0
2015-12-08,1669.239990234375
2015-12-09,1659.3599853515625
2015-12-10,1648.6500244140625
2015-12-11,1640.1400146484375
2015-12-14,1629.9599609375
2015-12-15,1622.8399658203125
2015-12-16,1634.1300048828125
2015-12-17,1656.52001953125
2015-12-18,1643.9000244140625
2015-12-21,1629.0899658203125
2015-12-22,1643.260009765625
2015-12-23,1663.510009765625
2015-12-28,1670.72998046875
2015-12-29,1685.3599853515625
2015-12-30,1693.1400146484375
2015-12-31,1692.510009765625
2016-01-04,1653.3699951171875
2016-01-05,1665.699951171875
2016-01-06,1667.969970703125
2016-01-07,1655.1300048828125
2016-01-08,1657.6099853515625
2016-01-11,1637.5899658203125
2016-01-12,1641.3699951171875
2016-01-13,1642.5400390625
2016-01-14,1633.43994140625
2016-01-15,1628.550048828125
2016-01-18,1622.6400146484375
2016-01-19,1629.219970703125
2016-01-20,1618.8299560546875
2016-01-21,1600.9200439453125
2016-01-22,1625.2099609375
2016-01-26,1626.6600341796875
2016-01-27,1631.5400390625
2016-01-28,1634.530029296875
2016-01-29,1667.800048828125
2016-02-02,1653.1800537109375
2016-02-03,1633.300048828125
2016-02-04,1656.77001953125
2016-02-05,1662.4599609375
2016-02-10,1644.4100341796875
2016-02-11,1643.949951171875
2016-02-12,1643.739990234375
2016-02-15,1649.9599609375
2016-02-16,1664.989990234375
2016-02-17,1664.3199462890625
2016-02-18,1680.02001953125
2016-02-19,1674.8800048828125
2016-02-22,1674.5899658203125
2016-02-23,1677.280029296875
2016-02-24,1664.1700439453125
2016-02-25,1658.1600341796875
2016-02-26,1663.43994140625
2016-02-29,1654.75
2016-03-01,1670.8199462890625
2016-03-02,1691.030029296875
2016-03-03,1688.199951171875
2016-03-04,1692.489990234375
2016-03-07,1697.9300537109375
2016-03-08,1687.8599853515625
2016-03-09,1686.3499755859375
2016-03-10,1690.9100341796875
2016-03-11,1696.5400390625
2016-03-14,1700.31005859375
2016-03-15,1690.9200439453125
2016-03-16,1693.4300537109375
2016-03-17,1703.18994140625
2016-03-18,1716.3399658203125
2016-03-21,1718.3599853515625
2016-03-22,1724.75
2016-03-23,1724.550048828125
2016-03-24,1715.530029296875
2016-03-25,1703.7900390625
2016-03-28,1702.4100341796875
2016-03-29,1715.0400390625
2016-03-30,1717.8199462890625
2016-03-31,1717.5799560546875
2016-04-01,1710.550048828125
2016-04-04,1725.239990234375
2016-04-05,1718.0799560546875
2016-04-06,1717.010009765625
2016-04-07,1724.2900390625
2016-04-08,1718.4000244140625
2016-04-11,1715.280029296875
2016-04-12,1715.0
2016-04-13,1723.1099853515625
2016-04-14,1723.780029296875
2016-04-15,1727.989990234375
2016-04-18,1717.6800537109375
2016-04-19,1711.1500244140625
2016-04-20,1708.9100341796875
2016-04-21,1721.469970703125
2016-04-22,1717.9599609375
2016-04-25,1714.510009765625
2016-04-26,1692.5
2016-04-27,1692.3399658203125
2016-04-28,1674.760009765625
2016-04-29,1672.719970703125
2016-05-03,1651.43994140625
2016-05-04,1657.5799560546875
2016-05-05,1645.0899658203125
2016-05-06,1649.3599853515625
2016-05-09,1632.18994140625
2016-05-10,1635.8399658203125
2016-05-11,1644.5799560546875
2016-05-12,1648.97998046875
2016-05-13,1628.260009765625
2016-05-16,1621.2099609375
2016-05-17,1633.3900146484375
2016-05-18,1635.719970703125
2016-05-19,1633.760009765625
2016-05-20,1628.7900390625
2016-05-23,1634.8900146484375
2016-05-24,1625.8399658203125
2016-05-25,1630.9599609375
2016-05-26,1631.0899658203125
2016-05-27,1637.18994140625
2016-05-30,1629.8699951171875
2016-05-31,1626.0
2016-06-01,1626.5
2016-06-02,1630.530029296875
2016-06-03,1636.4599609375
2016-06-06,1648.989990234375
2016-06-07,1660.6199951171875
2016-06-08,1657.8499755859375
2016-06-09,1650.510009765625
2016-06-10,1641.219970703125
2016-06-13,1629.77001953125
2016-06-14,1626.1099853515625
2016-06-15,1627.9599609375
2016-06-16,1614.9000244140625
2016-06-17,1624.1800537109375
2016-06-20,1634.22998046875
2016-06-21,1637.68994140625
2016-06-23,1639.97998046875
2016-06-24,1634.050048828125
2016-06-27,1629.52001953125
2016-06-28,1634.0400390625
2016-06-29,1642.2099609375
2016-06-30,1654.0799560546875
2016-07-01,1646.219970703125
2016-07-04,1654.8399658203125
2016-07-05,1650.7099609375
2016-07-08,1644.5400390625
2016-07-11,1653.8699951171875
2016-07-12,1653.969970703125
2016-07-13,1660.3900146484375
2016-07-14,1654.780029296875
2016-07-15,1668.4000244140625
2016-07-18,1670.8399658203125
2016-07-19,1670.550048828125
2016-07-20,1669.6099853515625
2016-07-21,1657.5400390625
2016-07-22,1657.4200439453125
2016-07-25,1668.260009765625
2016-07-26,1661.4200439453125
2016-07-27,1663.56005859375
2016-07-28,1658.5
2016-07-29,1653.260009765625
2016-08-01,1665.22998046875
2016-08-02,1660.22998046875
2016-08-03,1648.5
2016-08-04,1655.2900390625
2016-08-05,1664.0400390625
2016-08-08,1672.6800537109375
2016-08-09,1671.7099609375
2016-08-10,1673.030029296875
2016-08-11,1678.800048828125
2016-08-12,1684.1500244140625
2016-08-15,1690.3299560546875
2016-08-16,1699.8900146484375
2016-08-17,1694.3199462890625
2016-08-18,1694.8699951171875
2016-08-19,1687.6800537109375
2016-08-22,1691.0699462890625
2016-08-23,1683.0699462890625
2016-08-24,1682.06005859375
2016-08-25,1680.300048828125
2016-08-26,1683.0899658203125
2016-08-29,1681.5999755859375
2016-08-30,1678.06005859375
2016-09-01,1670.550048828125
2016-09-02,1671.7900390625
2016-09-05,1678.0799560546875
2016-09-06,1689.9200439453125
2016-09-07,1689.5699462890625
2016-09-08,1691.3800048828125
2016-09-09,1686.43994140625
2016-09-13,1677.1800537109375
2016-09-14,1661.3900146484375
2016-09-15,1652.989990234375
2016-09-19,1651.7099609375
2016-09-20,1655.780029296875
2016-09-21,1658.72998046875
2016-09-22,1669.6600341796875
2016-09-23,1670.989990234375
2016-09-26,1669.5
2016-09-27,1664.719970703125
2016-09-28,1664.9599609375
2016-09-29,1669.6400146484375
2016-09-30,1652.550048828125
2016-10-04,1661.25
2016-10-05,1662.9200439453125
2016-10-06,1666.72998046875
2016-10-07,1665.3800048828125
2016-10-10,1665.3199462890625
2016-10-11,1668.719970703125
2016-10-12,1667.030029296875
2016-10-13,1665.02001953125
2016-10-14,1658.969970703125
2016-10-17,1653.7099609375
2016-10-18,1667.5699462890625
2016-10-19,1668.27001953125
2016-10-20,1667.1800537109375
2016-10-21,1669.97998046875
2016-10-24,1677.760009765625
2016-10-25,1677.4300537109375
2016-10-26,1673.9200439453125
2016-10-27,1669.030029296875
2016-10-28,1670.27001953125
2016-10-31,1672.4599609375
2016-11-01,1670.9300537109375
2016-11-02,1659.5999755859375
2016-11-03,1648.0799560546875
2016-11-04,1648.239990234375
2016-11-07,1650.5899658203125
2016-11-08,1663.8199462890625
2016-11-09,1647.6199951171875
2016-11-10,1652.739990234375
2016-11-11,1634.18994140625
2016-11-14,1616.6400146484375
2016-11-15,1630.56005859375
2016-11-16,1627.6300048828125
2016-11-17,1626.77001953125
2016-11-18,1623.800048828125
2016-11-21,1627.280029296875
2016-11-22,1629.3199462890625
2016-11-23,1630.3800048828125
2016-11-24,1624.2099609375
2016-11-25,1627.260009765625
2016-11-28,1628.6600341796875
2016-11-29,1626.9300537109375
2016-11-30,1619.1199951171875
2016-12-01,1626.43994140625
2016-12-02,1628.9599609375
2016-12-05,1624.969970703125
2016-12-06,1629.72998046875
2016-12-07,1632.469970703125
2016-12-08,1643.75
2016-12-09,1641.4200439453125
2016-12-13,1645.280029296875
2016-12-14,1643.2900390625
2016-12-15,1636.989990234375
2016-12-16,1637.7900390625
2016-12-19,1634.300048828125
2016-12-20,1634.52001953125
2016-12-21,1629.5899658203125
2016-12-22,1623.199951171875
2016-12-23,1617.1500244140625
2016-12-27,1619.6800537109375
2016-12-28,1630.300048828125
2016-12-29,1637.9300537109375
2016-12-30,1641.72998046875
2017-01-03,1635.530029296875
2017-01-04,1647.469970703125
2017-01-05,1659.8199462890625
2017-01-06,1675.489990234375
2017-01-09,1667.9000244140625
2017-01-10,1672.050048828125
2017-01-11,1675.2099609375
2017-01-12,1677.760009765625
2017-01-13,1672.5
2017-01-16,1658.8399658203125
2017-01-17,1663.030029296875
2017-01-18,1665.02001953125
2017-01-19,1666.510009765625
2017-01-20,1664.8900146484375
2017-01-23,1671.31005859375
2017-01-24,1680.68994140625
2017-01-25,1683.9300537109375
2017-01-26,1692.219970703125
2017-01-27,1686.3599853515625
2017-01-31,1671.5400390625
2017-02-02,1673.47998046875
2017-02-03,1685.010009765625
2017-02-06,1691.239990234375
2017-02-07,1688.8399658203125
2017-02-08,1688.5
2017-02-10,1698.93994140625
2017-02-13,1710.239990234375
2017-02-14,1708.9000244140625
2017-02-15,1709.7900390625
2017-02-16,1707.5899658203125
2017-02-17,1707.6800537109375
2017-02-20,1712.5799560546875
2017-02-21,1706.550048828125
2017-02-22,1708.0799560546875
2017-02-23,1704.47998046875
2017-02-24,1698.3499755859375
2017-02-27,1693.8399658203125
2017-02-28,1693.77001953125
2017-03-01,1697.68994140625
2017-03-02,1715.6700439453125
2017-03-03,1708.3800048828125
2017-03-06,1727.3599853515625
2017-03-07,1728.6600341796875
2017-03-08,1725.5400390625
2017-03-09,1717.4200439453125
2017-03-10,1717.5799560546875
2017-03-13,1721.9200439453125
2017-03-14,1722.469970703125
2017-03-15,1717.3599853515625
2017-03-16,1737.1400146484375
2017-03-17,1745.199951171875
2017-03-20,1749.4100341796875
2017-03-21,1754.6700439453125
2017-03-22,1748.300048828125
2017-03-23,1747.0
2017-03-24,1745.75
2017-03-27,1744.949951171875
2017-03-28,1754.4200439453125
2017-03-29,1750.4100341796875
2017-03-30,1749.25
2017-03-31,1740.0899658203125
2017-04-03,1745.489990234375
2017-04-04,1747.18994140625
2017-04-05,1744.6700439453125
2017-04-06,1739.56005859375
2017-04-07,1741.719970703125
2017-04-10,1739.52001953125
2017-04-11,1735.8399658203125
2017-04-12,1744.0799560546875
2017-04-13,1738.1800537109375
2017-04-14,1730.989990234375
2017-04-17,1733.9300537109375
2017-04-18,1740.5999755859375
2017-04-19,1738.949951171875
2017-04-20,1741.6099853515625
2017-04-21,1756.050048828125
2017-04-25,1765.800048828125
2017-04-26,1768.9200439453125
2017-04-27,1767.9200439453125
2017-04-28,1768.06005859375
2017-05-02,1778.469970703125
2017-05-03,1772.510009765625
2017-05-04,1758.6700439453125
2017-05-05,1762.739990234375
2017-05-08,1768.1500244140625
2017-05-09,1766.56005859375
2017-05-11,1775.3900146484375
2017-05-12,1775.8699951171875
2017-05-15,1778.6500244140625
2017-05-16,1778.1500244140625
2017-05-17,1775.6500244140625
2017-05-18,1767.1700439453125
2017-05-19,1768.280029296875
2017-05-22,1774.949951171875
2017-05-23,1767.1700439453125
2017-05-24,1771.010009765625
2017-05-25,1773.9599609375
2017-05-26,1772.300048828125
2017-05-29,1764.8900146484375
2017-05-31,1765.8699951171875
2017-06-01,1763.1099853515625
2017-06-02,1776.949951171875
2017-06-05,1787.949951171875
2017-06-06,1791.010009765625
2017-06-07,1785.9200439453125
2017-06-08,1785.5699462890625
2017-06-09,1788.8900146484375
2017-06-13,1784.43994140625
2017-06-14,1792.3499755859375
2017-06-15,1790.010009765625
2017-06-16,1791.31005859375
2017-06-19,1788.9000244140625
2017-06-20,1780.7099609375
2017-06-21,1775.5699462890625
2017-06-22,1777.4300537109375
2017-06-23,1779.449951171875
2017-06-28,1771.22998046875
2017-06-29,1771.3599853515625
2017-06-30,1763.6700439453125
2017-07-03,1768.6700439453125
2017-07-04,1762.0799560546875
2017-07-05,1768.1600341796875
2017-07-06,1770.530029296875
2017-07-07,1759.9300537109375
2017-07-10,1757.1300048828125
2017-07-11,1755.030029296875
2017-07-12,1757.239990234375
2017-07-13,1753.780029296875
2017-07-14,1755.0
2017-07-17,1755.18994140625
2017-07-18,1754.9200439453125
2017-07-19,1757.27001953125
2017-07-20,1755.6300048828125
2017-07-21,1759.1600341796875
2017-07-24,1761.989990234375
2017-07-25,1763.3399658203125
2017-07-26,1766.0
2017-07-27,1770.0699462890625
2017-07-28,1767.0799560546875
2017-07-31,1760.030029296875
2017-08-01,1765.1300048828125
2017-08-02,1770.6099853515625
2017-08-03,1771.9000244140625
2017-08-04,1774.530029296875
2017-08-07,1777.9100341796875
2017-08-08,1781.6500244140625
2017-08-09,1777.93994140625
2017-08-10,1777.77001953125
2017-08-11,1766.9599609375
2017-08-14,1771.0799560546875
2017-08-15,1772.3900146484375
2017-08-16,1773.75
2017-08-17,1776.31005859375
2017-08-18,1776.219970703125
2017-08-21,1771.6199951171875
2017-08-22,1774.219970703125
2017-08-23,1772.93994140625
2017-08-24,1775.5
2017-08-25,1769.1700439453125
2017-08-28,1769.489990234375
2017-08-29,1761.1400146484375
2017-08-30,1773.1600341796875
2017-09-05,1769.6300048828125
2017-09-06,1772.47998046875
2017-09-07,1782.97998046875
2017-09-08,1779.9000244140625
2017-09-11,1782.739990234375
2017-09-12,1789.8599853515625
2017-09-13,1786.0699462890625
2017-09-14,1781.3699951171875
2017-09-15,1786.3299560546875
2017-09-18,1783.6600341796875
2017-09-19,1776.6600341796875
2017-09-20,1773.5799560546875
2017-09-21,1771.0400390625
2017-09-25,1769.1400146484375
2017-09-26,1765.5899658203125
2017-09-27,1764.239990234375
2017-09-28,1758.06005859375
2017-09-29,1755.5799560546875
2017-10-02,1754.780029296875
2017-10-03,1759.6700439453125
2017-10-04,1761.8399658203125
2017-10-05,1759.0899658203125
2017-10-06,1764.0
2017-10-09,1764.030029296875
2017-10-10,1761.1300048828125
2017-10-11,1757.2099609375
2017-10-12,1754.0
2017-10-13,1755.3199462890625
2017-10-16,1754.3699951171875
2017-10-17,1748.989990234375
2017-10-19,1743.989990234375
2017-10-20,1740.6500244140625
2017-10-23,1741.469970703125
2017-10-24,1736.1400146484375
2017-10-25,1739.050048828125
2017-10-26,1736.800048828125
2017-10-27,1746.1300048828125
2017-10-30,1748.3499755859375
2017-10-31,1747.9200439453125
2017-11-01,1743.9300537109375
2017-11-02,1741.050048828125
2017-11-03,1740.9300537109375
2017-11-06,1742.2900390625
2017-11-07,1750.93994140625
2017-11-08,1744.199951171875
2017-11-09,1746.81005859375
2017-11-10,1742.280029296875
2017-11-13,1737.489990234375
2017-11-14,1733.6099853515625
2017-11-15,1722.989990234375
2017-11-16,1718.1099853515625
2017-11-17,1721.6600341796875
2017-11-20,1718.3599853515625
2017-11-21,1720.6800537109375
2017-11-22,1723.5400390625
2017-11-23,1721.27001953125
2017-11-24,1717.22998046875
2017-11-27,1719.8599853515625
2017-11-28,1714.4200439453125
2017-11-29,1720.3800048828125
2017-11-30,1717.8599853515625
2017-12-01,1717.8599853515625
2017-12-04,1713.1300048828125
2017-12-05,1724.8399658203125
2017-12-06,1718.3299560546875
2017-12-07,1719.050048828125
2017-12-08,1721.25
2017-12-11,1719.469970703125
2017-12-12,1729.5699462890625
2017-12-13,1737.6600341796875
2017-12-14,1759.0
2017-12-15,1753.0699462890625
2017-12-18,1751.6400146484375
2017-12-19,1736.949951171875
2017-12-20,1746.6300048828125
2017-12-21,1751.2099609375
2017-12-22,1760.239990234375
2017-12-26,1759.989990234375
2017-12-27,1771.760009765625
2017-12-28,1779.0999755859375
2017-12-29,1796.81005859375
2018-01-02,1782.699951171875
2018-01-03,1792.7900390625
2018-01-04,1803.449951171875
2018-01-05,1817.969970703125
2018-01-08,1832.1500244140625
2018-01-09,1826.949951171875
2018-01-10,1822.9200439453125
2018-01-11,1816.8800048828125
2018-01-12,1822.6700439453125
2018-01-15,1825.9100341796875
2018-01-16,1826.030029296875
2018-01-17,1828.6300048828125
2018-01-18,1821.5999755859375
2018-01-19,1828.8299560546875
2018-01-22,1833.1500244140625
2018-01-23,1838.0400390625
2018-01-24,1837.0400390625
2018-01-25,1845.8599853515625
2018-01-26,1853.9200439453125
2018-01-29,1870.52001953125
2018-01-30,1868.5799560546875
2018-02-02,1870.47998046875
2018-02-05,1853.0699462890625
2018-02-06,1812.449951171875
2018-02-07,1836.6800537109375
2018-02-08,1839.43994140625
2018-02-09,1819.8199462890625
2018-02-12,1830.1700439453125
2018-02-13,1833.02001953125
2018-02-14,1834.9300537109375
2018-02-15,1838.280029296875
2018-02-19,1857.3199462890625
2018-02-20,1855.989990234375
2018-02-21,1858.1700439453125
2018-02-22,1855.0699462890625
2018-02-23,1861.5
2018-02-26,1860.0799560546875
2018-02-27,1871.4599609375
2018-02-28,1856.199951171875
2018-03-01,1860.8599853515625
2018-03-02,1856.0699462890625
2018-03-05,1842.6199951171875
2018-03-06,1848.3699951171875
2018-03-07,1837.9000244140625
2018-03-08,1839.6199951171875
2018-03-09,1843.9200439453125
2018-03-12,1861.219970703125
2018-03-13,1864.030029296875
2018-03-14,1857.06005859375
2018-03-15,1845.27001953125
2018-03-16,1846.3900146484375
2018-03-19,1847.93994140625
2018-03-20,1856.3900146484375
2018-03-21,1865.800048828125
2018-03-22,1876.8699951171875
2018-03-23,1865.219970703125
2018-03-26,1859.9100341796875
2018-03-27,1862.449951171875
2018-03-28,1857.8699951171875
2018-03-29,1856.3499755859375
2018-03-30,1863.4599609375
2018-04-02,1858.3499755859375
2018-04-03,1850.780029296875
2018-04-04,1815.93994140625
2018-04-05,1836.1300048828125
2018-04-06,1837.010009765625
2018-04-09,1849.7099609375
2018-04-10,1860.97998046875
2018-04-11,1869.8900146484375
2018-04-12,1873.6199951171875
2018-04-13,1868.469970703125
2018-04-16,1878.760009765625
2018-04-17,1880.489990234375
2018-04-18,1879.3199462890625
2018-04-19,1895.1800537109375
2018-04-20,1887.75
2018-04-23,1880.3599853515625
2018-04-24,1865.3399658203125
2018-04-25,1851.9300537109375
2018-04-26,1852.27001953125
2018-04-27,1863.469970703125
2018-04-30,1870.3699951171875
2018-05-02,1852.030029296875
2018-05-03,1851.800048828125
2018-05-04,1841.8299560546875
2018-05-07,1828.199951171875
2018-05-08,1846.510009765625
2018-05-14,1850.4200439453125
2018-05-15,1848.199951171875
2018-05-16,1858.260009765625
2018-05-17,1854.43994140625
2018-05-18,1854.5
2018-05-21,1853.5799560546875
2018-05-22,1845.030029296875
2018-05-23,1804.25
2018-05-24,1775.6600341796875
2018-05-25,1797.4000244140625
2018-05-28,1775.8399658203125
2018-05-30,1719.280029296875
2018-05-31,1740.6199951171875
2018-06-01,1756.3800048828125
2018-06-04,1755.1700439453125
2018-06-05,1755.1400146484375
2018-06-06,1777.1300048828125
2018-06-07,1785.81005859375
2018-06-08,1778.3199462890625
2018-06-11,1775.800048828125
2018-06-12,1764.1600341796875
2018-06-13,1763.5699462890625
2018-06-14,1761.780029296875
2018-06-18,1743.4300537109375
2018-06-19,1715.3599853515625
2018-06-20,1709.75
2018-06-21,1692.3199462890625
2018-06-22,1694.1500244140625
2018-06-25,1678.0999755859375
2018-06-26,1675.8599853515625
2018-06-27,1666.0799560546875
2018-06-28,1665.6800537109375
2018-06-29,1691.5
2018-07-02,1685.050048828125
2018-07-03,1680.3699951171875
2018-07-04,1688.449951171875
2018-07-05,1690.6500244140625
2018-07-06,1663.8599853515625
2018-07-09,1672.6300048828125
2018-07-10,1687.1300048828125
2018-07-11,1688.77001953125
2018-07-12,1703.5699462890625
2018-07-13,1721.9300537109375
2018-07-16,1726.6700439453125
2018-07-17,1737.280029296875
2018-07-18,1753.0699462890625
2018-07-19,1759.239990234375
2018-07-20,1754.6700439453125
2018-07-23,1757.9599609375
2018-07-24,1762.9300537109375
2018-07-25,1763.780029296875
2018-07-26,1766.22998046875
2018-07-27,1769.1400146484375
2018-07-30,1770.260009765625
2018-07-31,1784.25
2018-08-01,1788.31005859375
2018-08-02,1778.1300048828125
2018-08-03,1780.0899658203125
2018-08-06,1779.75
2018-08-07,1791.0899658203125
2018-08-08,1804.72998046875
2018-08-09,1804.949951171875
2018-08-10,1805.75
2018-08-13,1783.3399658203125
2018-08-14,1783.780029296875
2018-08-15,1785.93994140625
2018-08-16,1777.27001953125
2018-08-17,1783.469970703125
2018-08-20,1787.5799560546875
2018-08-21,1798.1099853515625
2018-08-24,1808.5899658203125
2018-08-27,1811.5999755859375
2018-08-28,1826.9000244140625
2018-08-29,1820.6400146484375
2018-08-30,1819.6600341796875
2018-09-03,1813.5799560546875
2018-09-04,1812.760009765625
2018-09-05,1795.5
2018-09-06,1798.5699462890625
2018-09-07,1799.1700439453125
2018-09-12,1785.25
2018-09-13,1792.5999755859375
2018-09-14,1803.760009765625
2018-09-18,1792.93994140625
2018-09-19,1800.7099609375
2018-09-20,1803.699951171875
2018-09-21,1810.6400146484375
2018-09-24,1800.1700439453125
2018-09-25,1794.469970703125
2018-09-26,1798.719970703125
2018-09-27,1798.6400146484375
2018-09-28,1793.1500244140625
2018-10-01,1792.4599609375
2018-10-02,1798.1500244140625
2018-10-03,1796.300048828125
2018-10-04,1790.1099853515625
2018-10-05,1777.1500244140625
2018-10-08,1775.75
2018-10-09,1774.1500244140625
2018-10-10,1735.1800537109375
2018-10-11,1708.489990234375
2018-10-12,1730.739990234375
2018-10-15,1728.739990234375
2018-10-16,1736.8399658203125
2018-10-17,1740.5899658203125
2018-10-18,1738.010009765625
2018-10-19,1732.1400146484375
2018-10-22,1722.469970703125
2018-10-23,1697.5999755859375
2018-10-24,1690.0400390625
2018-10-25,1686.5899658203125
2018-10-26,1683.06005859375
2018-10-29,1683.72998046875
2018-10-30,1685.93994140625
2018-10-31,1709.27001953125
2018-11-01,1706.9200439453125
2018-11-02,1713.8699951171875
2018-11-05,1708.800048828125
2018-11-07,1714.8800048828125
2018-11-08,1721.4200439453125
2018-11-09,1708.0899658203125
2018-11-12,1696.1400146484375
2018-11-13,1687.5699462890625
2018-11-14,1688.4100341796875
2018-11-15,1694.2099609375
2018-11-16,1706.3800048828125
2018-11-19,1710.7099609375
2018-11-21,1695.3699951171875
2018-11-22,1695.6199951171875
2018-11-23,1695.8800048828125
2018-11-26,1701.989990234375
2018-11-27,1684.969970703125
2018-11-28,1686.550048828125
2018-11-29,1696.3399658203125
2018-11-30,1679.8599853515625
2018-12-03,1699.719970703125
2018-12-04,1694.989990234375
2018-12-05,1688.27001953125
2018-12-06,1683.3399658203125
2018-12-07,1680.5400390625
2018-12-10,1663.31005859375
2018-12-11,1652.6300048828125
2018-12-12,1663.27001953125
2018-12-13,1676.0
2018-12-14,1661.9599609375
2018-12-17,1641.6199951171875
2018-12-18,1635.31005859375
2018-12-19,1655.6600341796875
2018-12-20,1650.56005859375
2018-12-21,1670.280029296875
2018-12-24,1683.8199462890625
2018-12-26,1672.5999755859375
2018-12-27,1690.719970703125
2018-12-28,1692.0699462890625
2018-12-31,1690.5799560546875
2019-01-02,1668.1099853515625
2019-01-03,1675.8299560546875
2019-01-04,1669.780029296875
2019-01-07,1679.1700439453125
2019-01-08,1672.760009765625
2019-01-09,1667.8299560546875
2019-01-10,1678.8800048828125
2019-01-11,1683.219970703125
2019-01-14,1676.1600341796875
2019-01-15,1679.4200439453125
2019-01-16,1673.0799560546875
2019-01-17,1682.969970703125
2019-01-18,1692.219970703125
2019-01-22,1702.1199951171875
2019-01-23,1688.1400146484375
2019-01-24,1693.5899658203125
2019-01-25,1701.030029296875
2019-01-28,1697.5
2019-01-29,1690.4100341796875
2019-01-30,1684.1099853515625
2019-01-31,1683.530029296875
2019-02-04,1683.6099853515625
2019-02-07,1693.3900146484375
2019-02-08,1686.52001953125
2019-02-11,1688.56005859375
2019-02-12,1687.4100341796875
2019-02-13,1685.300048828125
2019-02-14,1689.06005859375
2019-02-15,1688.8299560546875
2019-02-18,1692.739990234375
2019-02-19,1706.56005859375
2019-02-20,1726.1800537109375
2019-02-21,1730.6800537109375
2019-02-22,1721.4200439453125
2019-02-25,1724.5799560546875
2019-02-26,1719.0
2019-02-27,1713.449951171875
2019-02-28,1707.72998046875
2019-03-01,1700.760009765625
2019-03-04,1693.989990234375
2019-03-05,1685.6199951171875
2019-03-06,1686.8199462890625
2019-03-07,1686.949951171875
2019-03-08,1679.9000244140625
2019-03-11,1664.6300048828125
2019-03-12,1671.280029296875
2019-03-13,1678.239990234375
2019-03-14,1674.52001953125
2019-03-15,1680.5400390625
2019-03-18,1690.93994140625
2019-03-19,1687.6800537109375
2019-03-20,1684.2099609375
2019-03-21,1663.6600341796875
2019-03-22,1666.6600341796875
2019-03-25,1649.1500244140625
2019-03-26,1649.93994140625
2019-03-27,1642.72998046875
2019-03-28,1641.3299560546875
2019-03-29,1643.6300048828125
2019-04-01,1628.6600341796875
2019-04-02,1632.8299560546875
2019-04-03,1643.2099609375
2019-04-04,1645.0699462890625
2019-04-05,1641.81005859375
2019-04-08,1644.3499755859375
2019-04-09,1641.93994140625
2019-04-10,1639.4599609375
2019-04-11,1624.22998046875
2019-04-12,1630.1700439453125
2019-04-15,1631.3299560546875
2019-04-16,1629.4599609375
2019-04-17,1620.9000244140625
2019-04-18,1619.72998046875
2019-04-19,1622.0699462890625
2019-04-22,1622.06005859375
2019-04-23,1627.43994140625
2019-04-24,1638.010009765625
2019-04-25,1635.6800537109375
2019-04-26,1638.3800048828125
2019-04-29,1637.4000244140625
2019-04-30,1642.2900390625
2019-05-02,1632.239990234375
2019-05-03,1637.300048828125
2019-05-06,1632.800048828125
2019-05-07,1639.3699951171875
2019-05-08,1633.550048828125
2019-05-09,1618.530029296875
2019-05-10,1610.27001953125
2019-05-13,1601.0899658203125
2019-05-14,1599.18994140625
2019-05-15,1611.4300537109375
2019-05-16,1599.18994140625
2019-05-17,1605.3599853515625
2019-05-21,1603.739990234375
2019-05-23,1601.8699951171875
2019-05-24,1598.3199462890625
2019-05-27,1601.3499755859375
2019-05-28,1614.5699462890625
2019-05-29,1623.6700439453125
2019-05-30,1636.5
2019-05-31,1650.760009765625
2019-06-03,1655.31005859375
2019-06-04,1644.0899658203125
2019-06-07,1649.3299560546875
2019-06-10,1655.469970703125
2019-06-11,1651.199951171875
2019-06-12,1650.739990234375
2019-06-13,1643.739990234375
2019-06-14,1638.6300048828125
2019-06-17,1638.4000244140625
2019-06-18,1652.760009765625
2019-06-19,1666.5400390625
2019-06-20,1675.4300537109375
2019-06-21,1682.22998046875
2019-06-24,1676.1300048828125
2019-06-25,1676.6099853515625
2019-06-26,1674.489990234375
2019-06-27,1672.699951171875
2019-06-28,1672.1300048828125
2019-07-01,1683.6199951171875
2019-07-02,1691.0
2019-07-03,1690.050048828125
2019-07-04,1687.47998046875
2019-07-05,1682.530029296875
2019-07-08,1677.6400146484375
2019-07-09,1682.8699951171875
2019-07-10,1678.969970703125
2019-07-11,1679.260009765625
2019-07-12,1669.449951171875
2019-07-15,1672.3699951171875
2019-07-16,1668.93994140625
2019-07-17,1657.530029296875
2019-07-18,1648.9300537109375
2019-07-19,1658.18994140625
2019-07-22,1655.4000244140625
2019-07-23,1655.6700439453125
2019-07-24,1652.4100341796875
2019-07-25,1656.5799560546875
2019-07-26,1647.9599609375
2019-07-29,1642.68994140625
2019-07-31,1634.8699951171875
2019-08-01,1639.0699462890625
2019-08-02,1626.760009765625
2019-08-05,1610.4100341796875
2019-08-06,1611.7900390625
2019-08-07,1604.699951171875
2019-08-08,1616.02001953125
2019-08-09,1615.050048828125
2019-08-13,1592.8800048828125
2019-08-14,1600.31005859375
2019-08-15,1600.2900390625
2019-08-16,1599.219970703125
2019-08-19,1596.449951171875
2019-08-20,1602.75
2019-08-21,1594.5899658203125
2019-08-22,1602.469970703125
2019-08-23,1609.3299560546875
2019-08-26,1600.530029296875
2019-08-27,1590.8399658203125
2019-08-28,1589.8199462890625
2019-08-29,1595.1800537109375
2019-08-30,1612.1400146484375
2019-09-03,1591.52001953125
2019-09-04,1599.8900146484375
2019-09-05,1599.75
2019-09-06,1604.469970703125
2019-09-10,1595.8499755859375
2019-09-11,1602.300048828125
2019-09-12,1601.0
2019-09-13,1601.25
2019-09-17,1604.300048828125
2019-09-18,1599.489990234375
2019-09-19,1596.280029296875
2019-09-20,1597.4100341796875
2019-09-23,1592.9300537109375
2019-09-24,1592.3299560546875
2019-09-25,1589.5799560546875
2019-09-26,1593.0
2019-09-27,1584.1400146484375
2019-09-30,1583.9100341796875
2019-10-01,1589.43994140625
2019-10-02,1574.9000244140625
2019-10-03,1564.1199951171875
2019-10-04,1557.6700439453125
2019-10-07,1559.0
2019-10-08,1558.7900390625
2019-10-09,1551.22998046875
2019-10-10,1551.8699951171875
2019-10-11,1556.8399658203125
2019-10-14,1567.5899658203125
2019-10-15,1566.22998046875
2019-10-16,1574.9000244140625
2019-10-17,1574.5
2019-10-18,1571.1500244140625
2019-10-21,1570.9300537109375
2019-10-22,1574.0899658203125
2019-10-23,1568.7900390625
2019-10-24,1571.1099853515625
2019-10-25,1570.0
2019-10-29,1577.7900390625
2019-10-30,1580.0
2019-10-31,1597.97998046875
2019-11-01,1593.3399658203125
2019-11-04,1603.56005859375
2019-11-05,1606.739990234375
2019-11-06,1603.25
2019-11-07,1609.3299560546875
2019-11-08,1609.72998046875
2019-11-11,1608.1500244140625
2019-11-12,1609.72998046875
2019-11-13,1597.219970703125
2019-11-14,1593.550048828125
2019-11-15,1594.75
2019-11-18,1604.3599853515625
2019-11-19,1605.31005859375
2019-11-20,1601.1400146484375
2019-11-21,1592.18994140625
2019-11-22,1596.8399658203125
2019-11-25,1591.3499755859375
2019-11-26,1583.8699951171875
2019-11-27,1587.1800537109375
2019-11-28,1583.77001953125
2019-11-29,1561.739990234375
2019-12-02,1570.550048828125
2019-12-03,1562.27001953125
2019-12-04,1560.9300537109375
2019-12-05,1563.5799560546875
2019-12-06,1568.43994140625
2019-12-09,1562.7099609375
2019-12-10,1561.7900390625
2019-12-11,1563.18994140625
2019-12-12,1567.3399658203125
2019-12-13,1571.1600341796875
2019-12-16,1569.3499755859375
2019-12-17,1576.949951171875
2019-12-18,1599.1099853515625
2019-12-19,1596.010009765625
2019-12-20,1610.1800537109375
2019-12-23,1614.1800537109375
2019-12-24,1604.22998046875
2019-12-26,1603.550048828125
2019-12-27,1610.6099853515625
2019-12-30,1615.6700439453125
2019-12-31,1588.760009765625
2020-01-02,1602.5
2020-01-03,1611.3800048828125
2020-01-06,1597.760009765625
2020-01-07,1611.0400390625
2020-01-08,1589.0999755859375
2020-01-09,1595.6500244140625
2020-01-10,1591.4599609375
2020-01-13,1584.72998046875
2020-01-14,1580.5999755859375
2020-01-15,1585.1400146484375
2020-01-16,1587.8800048828125
2020-01-17,1595.81005859375
2020-01-20,1588.8800048828125
2020-01-21,1587.3299560546875
2020-01-22,1577.97998046875
2020-01-23,1574.43994140625
2020-01-24,1572.81005859375
2020-01-28,1551.6400146484375
2020-01-29,1550.469970703125
2020-01-30,1545.5899658203125
2020-01-31,1531.06005859375
2020-02-03,1521.949951171875
2020-02-04,1535.800048828125
2020-02-05,1536.7900390625
2020-02-06,1552.77001953125
2020-02-07,1554.489990234375
2020-02-10,1542.800048828125
2020-02-11,1551.47998046875
2020-02-12,1542.93994140625
2020-02-13,1539.1600341796875
2020-02-14,1544.4599609375
2020-02-17,1537.1199951171875
2020-02-18,1537.0799560546875
2020-02-19,1534.1600341796875
2020-02-20,1534.97998046875
2020-02-21,1531.199951171875
2020-02-24,1490.06005859375
2020-02-25,1500.8800048828125
2020-02-26,1495.18994140625
2020-02-27,1505.5899658203125
2020-02-28,1482.6400146484375
2020-03-02,1466.93994140625
2020-03-03,1478.6400146484375
2020-03-04,1489.949951171875
2020-03-05,1491.030029296875
2020-03-06,1483.0999755859375
2020-03-09,1424.1600341796875
2020-03-10,1430.469970703125
2020-03-11,1443.8299560546875
2020-03-12,1419.4300537109375
2020-03-13,1344.75
2020-03-16,1280.6300048828125
2020-03-17,1256.5799560546875
2020-03-18,1239.010009765625
2020-03-19,1219.719970703125
2020-03-20,1303.280029296875
2020-03-23,1259.8800048828125
2020-03-24,1291.1400146484375
2020-03-25,1324.5
2020-03-26,1328.0899658203125
2020-03-27,1343.0899658203125
2020-03-30,1328.8800048828125
2020-03-31,1350.8900146484375
2020-04-01,1322.6600341796875
2020-04-02,1330.9000244140625
2020-04-03,1330.6500244140625
2020-04-06,1341.68994140625
2020-04-07,1369.9200439453125
2020-04-08,1361.3900146484375
2020-04-09,1369.760009765625
2020-04-10,1357.5
2020-04-13,1356.030029296875
2020-04-14,1371.6600341796875
2020-04-15,1387.7900390625
2020-04-16,1386.530029296875
2020-04-17,1407.3399658203125
2020-04-20,1413.1199951171875
2020-04-21,1381.72998046875
2020-04-22,1381.8900146484375
2020-04-23,1381.6400146484375
2020-04-24,1369.8499755859375
2020-04-27,1370.1600341796875
2020-04-28,1372.199951171875
2020-04-29,1380.300048828125
2020-04-30,1407.780029296875
2020-05-04,1376.5899658203125
2020-05-05,1389.550048828125
2020-05-06,1376.9300537109375
2020-05-08,1382.31005859375
2020-05-12,1379.9300537109375
2020-05-13,1397.1300048828125
2020-05-14,1397.25
2020-05-15,1403.43994140625
2020-05-18,1410.1600341796875
2020-05-19,1423.969970703125
2020-05-20,1435.1199951171875
2020-05-21,1452.1099853515625
2020-05-22,1436.760009765625
2020-05-27,1451.72998046875
2020-05-28,1457.5
2020-05-29,1473.25
2020-06-02,1507.68994140625
2020-06-03,1538.530029296875
2020-06-04,1561.8399658203125
2020-06-05,1556.3299560546875
2020-06-09,1575.1600341796875
2020-06-10,1575.27001953125
2020-06-11,1557.25
2020-06-12,1546.02001953125
2020-06-15,1498.8299560546875
2020-06-16,1517.7099609375
2020-06-17,1526.3199462890625
2020-06-18,1504.9100341796875
2020-06-19,1507.260009765625
2020-06-22,1511.239990234375
2020-06-23,1507.0400390625
2020-06-24,1502.6300048828125
2020-06-25,1489.199951171875
2020-06-26,1488.1400146484375
2020-06-29,1494.4300537109375
2020-06-30,1500.969970703125
2020-07-01,1514.4300537109375
2020-07-02,1536.280029296875
2020-07-03,1552.6500244140625
2020-07-06,1576.9000244140625
2020-07-07,1566.719970703125
2020-07-08,1583.5
2020-07-09,1583.25
2020-07-10,1591.8399658203125
2020-07-13,1606.4300537109375
2020-07-14,1598.75
2020-07-15,1585.56005859375
2020-07-16,1573.47998046875
2020-07-17,1596.3299560546875
2020-07-20,1589.449951171875
2020-07-21,1595.9300537109375
2020-07-22,1586.97998046875
2020-07-23,1606.4200439453125
2020-07-24,1589.6099853515625
2020-07-27,1591.47998046875
2020-07-28,1609.93994140625
2020-07-29,1611.4200439453125
2020-07-30,1603.75
2020-08-03,1572.6099853515625
2020-08-04,1575.93994140625
2020-08-05,1568.1300048828125
2020-08-06,1588.5699462890625
2020-08-07,1578.1400146484375
2020-08-10,1571.6600341796875
2020-08-11,1564.739990234375
2020-08-12,1556.6400146484375
2020-08-13,1576.4200439453125
2020-08-14,1564.5899658203125
2020-08-17,1560.739990234375
2020-08-18,1577.8499755859375
2020-08-19,1575.3800048828125
2020-08-21,1577.1199951171875
2020-08-24,1568.5799560546875
2020-08-25,1554.9599609375
2020-08-26,1549.5799560546875
2020-08-27,1554.780029296875
2020-08-28,1525.2099609375
2020-09-01,1521.4300537109375
2020-09-02,1537.5400390625
2020-09-03,1515.4000244140625
2020-09-04,1515.8599853515625
2020-09-07,1516.3800048828125
2020-09-08,1519.3199462890625
2020-09-09,1496.719970703125
2020-09-10,1490.1199951171875
2020-09-11,1504.8499755859375
2020-09-14,1511.3599853515625
2020-09-15,1531.280029296875
2020-09-17,1513.0699462890625
2020-09-18,1506.6300048828125
2020-09-21,1499.4300537109375
2020-09-22,1505.780029296875
2020-09-23,1496.47998046875
2020-09-24,1500.800048828125
2020-09-25,1509.1400146484375
2020-09-28,1511.6600341796875
2020-09-29,1503.9000244140625
2020-09-30,1504.8199462890625
2020-10-01,1496.77001953125
2020-10-02,1500.300048828125
2020-10-05,1512.4300537109375
2020-10-06,1509.469970703125
2020-10-07,1489.56005859375
2020-10-08,1519.4300537109375
2020-10-09,1530.3499755859375
2020-10-12,1518.4300537109375
2020-10-13,1525.199951171875
2020-10-14,1523.25
2020-10-15,1513.949951171875
2020-10-16,1503.8399658203125
2020-10-19,1518.1099853515625
2020-10-20,1510.969970703125
2020-10-21,1492.4000244140625
2020-10-22,1498.800048828125
2020-10-23,1494.6400146484375
2020-10-26,1494.6099853515625
2020-10-27,1500.3499755859375
2020-10-28,1495.199951171875
2020-10-30,1466.8900146484375
2020-11-02,1466.4599609375
2020-11-03,1461.449951171875
2020-11-04,1464.6099853515625
2020-11-05,1501.489990234375
2020-11-06,1519.6400146484375
2020-11-09,1524.3199462890625
2020-11-10,1575.0699462890625
2020-11-11,1570.0799560546875
2020-11-12,1590.780029296875
2020-11-13,1589.68994140625
2020-11-16,1599.6600341796875
2020-11-17,1610.1500244140625
2020-11-18,1604.75
2020-11-19,1583.6800537109375
2020-11-20,1593.75
2020-11-23,1597.47998046875
2020-11-24,1578.3900146484375
2020-11-25,1597.5799560546875
2020-11-26,1612.1099853515625
2020-11-27,1607.5899658203125
2020-11-30,1562.7099609375
2020-12-01,1602.260009765625
2020-12-02,1598.719970703125
2020-12-03,1628.260009765625
2020-12-04,1621.8499755859375
2020-12-07,1622.8900146484375
2020-12-08,1631.699951171875
2020-12-09,1646.530029296875
2020-12-10,1654.3900146484375
2020-12-11,1684.5799560546875
2020-12-14,1662.739990234375
2020-12-15,1674.02001953125
2020-12-16,1681.4100341796875
2020-12-17,1674.3499755859375
2020-12-18,1652.489990234375
2020-12-21,1647.8900146484375
2020-12-22,1631.9200439453125
2020-12-23,1647.5
2020-12-24,1641.1700439453125
2020-12-28,1643.9000244140625
2020-12-29,1634.989990234375
2020-12-30,1644.4100341796875
2020-12-31,1627.2099609375
2021-01-04,1602.5699462890625
2021-01-05,1608.3499755859375
2021-01-06,1591.969970703125
2021-01-07,1602.949951171875
2021-01-08,1633.18994140625
2021-01-11,1617.25
2021-01-12,1612.0400390625
2021-01-13,1636.68994140625
2021-01-14,1635.7099609375
2021-01-15,1627.010009765625
2021-01-18,1609.52001953125
2021-01-19,1601.8800048828125
2021-01-20,1601.5400390625
2021-01-21,1594.800048828125
2021-01-22,1596.739990234375
2021-01-25,1576.6199951171875
2021-01-26,1575.31005859375
2021-01-27,1580.6199951171875
2021-01-29,1566.4000244140625
2021-02-02,1580.489990234375
2021-02-03,1582.989990234375
2021-02-04,1584.9000244140625
2021-02-05,1578.6300048828125
2021-02-08,1573.3299560546875
2021-02-09,1586.1300048828125
2021-02-10,1596.8499755859375
2021-02-11,1599.4200439453125
2021-02-15,1608.0699462890625
2021-02-16,1606.1400146484375
2021-02-17,1595.2900390625
2021-02-18,1575.8399658203125
2021-02-19,1584.9300537109375
2021-02-22,1570.4599609375
2021-02-23,1565.050048828125
2021-02-24,1557.550048828125
2021-02-25,1581.5400390625
2021-02-26,1577.75
2021-03-01,1567.1400146484375
2021-03-02,1569.8699951171875
2021-03-03,1588.449951171875
2021-03-04,1581.260009765625
2021-03-05,1600.1199951171875
2021-03-08,1611.81005859375
2021-03-09,1624.780029296875
2021-03-10,1639.8299560546875
2021-03-11,1629.4100341796875
2021-03-12,1615.68994140625
2021-03-15,1620.9200439453125
2021-03-16,1623.9599609375
2021-03-17,1624.969970703125
2021-03-18,1627.989990234375
2021-03-19,1626.18994140625
2021-03-22,1616.72998046875
2021-03-23,1595.2900390625
2021-03-24,1602.4000244140625
2021-03-25,1597.72998046875
2021-03-26,1601.4200439453125
2021-03-29,1611.280029296875
2021-03-30,1609.18994140625
2021-03-31,1573.510009765625
2021-04-01,1582.6400146484375
2021-04-02,1585.3499755859375
2021-04-05,1584.239990234375
2021-04-06,1578.9100341796875
2021-04-07,1600.5899658203125
2021-04-08,1602.4000244140625
2021-04-09,1612.25
2021-04-12,1608.4200439453125
2021-04-13,1597.7099609375
2021-04-14,1598.280029296875
2021-04-15,1608.25
2021-04-16,1608.3800048828125
2021-04-19,1600.2900390625
2021-04-20,1607.5699462890625
2021-04-21,1596.5799560546875
2021-04-22,1607.72998046875
2021-04-23,1608.4300537109375
2021-04-26,1623.469970703125
2021-04-27,1606.6800537109375
2021-04-28,1608.5
2021-04-30,1601.6500244140625
2021-05-03,1590.72998046875
2021-05-04,1588.25
2021-05-05,1575.6700439453125
2021-05-06,1578.3299560546875
2021-05-07,1587.449951171875
2021-05-10,1583.9200439453125
2021-05-11,1577.6400146484375
2021-05-12,1582.52001953125
2021-05-17,1583.4599609375
2021-05-18,1591.3199462890625
2021-05-19,1580.52001953125
2021-05-20,1575.3199462890625
2021-05-21,1562.1700439453125
2021-05-24,1571.8199462890625
2021-05-25,1577.8199462890625
2021-05-27,1593.9000244140625
2021-05-28,1594.43994140625
2021-05-31,1583.550048828125
2021-06-01,1585.9000244140625
2021-06-02,1597.93994140625
2021-06-03,1590.5699462890625
2021-06-04,1578.449951171875
2021-06-08,1587.9599609375
2021-06-09,1581.47998046875
2021-06-10,1579.9000244140625
2021-06-11,1575.1600341796875
2021-06-14,1582.4599609375
2021-06-15,1581.3699951171875
2021-06-16,1578.3199462890625
2021-06-17,1570.8599853515625
2021-06-18,1589.050048828125
2021-06-21,1572.239990234375
2021-06-22,1574.02001953125
2021-06-23,1564.760009765625
2021-06-24,1555.7099609375
2021-06-25,1559.6800537109375
2021-06-28,1544.7099609375
2021-06-29,1548.31005859375
2021-06-30,1532.6300048828125
2021-07-01,1534.22998046875
2021-07-02,1533.3499755859375
2021-07-05,1532.3599853515625
2021-07-06,1531.6300048828125
2021-07-07,1530.1500244140625
2021-07-08,1508.7099609375
2021-07-09,1520.5799560546875
2021-07-12,1512.8900146484375
2021-07-13,1519.56005859375
2021-07-14,1512.3199462890625
2021-07-15,1520.8199462890625
2021-07-16,1522.47998046875
2021-07-19,1519.969970703125
2021-07-21,1516.52001953125
2021-07-22,1527.6199951171875
2021-07-23,1523.43994140625
2021-07-26,1512.530029296875
2021-07-27,1514.5999755859375
2021-07-28,1515.3900146484375
2021-07-29,1512.9300537109375
2021-07-30,1494.5999755859375
2021-08-02,1493.0
2021-08-03,1500.260009765625
2021-08-04,1491.3299560546875
2021-08-05,1495.780029296875
2021-08-06,1489.800048828125
2021-08-09,1496.72998046875
2021-08-11,1504.43994140625
2021-08-12,1501.969970703125
2021-08-13,1505.1099853515625
2021-08-16,1502.9000244140625
2021-08-17,1523.5899658203125
2021-08-18,1525.239990234375
2021-08-19,1514.949951171875
2021-08-20,1518.030029296875
2021-08-23,1522.4300537109375
2021-08-24,1553.3699951171875
2021-08-25,1569.800048828125
2021-08-26,1585.739990234375
2021-08-27,1590.1600341796875
2021-08-30,1601.3800048828125
2021-09-01,1586.8900146484375
2021-09-02,1582.18994140625
2021-09-03,1589.18994140625
2021-09-06,1581.5899658203125
2021-09-07,1583.47998046875
2021-09-08,1597.6300048828125
2021-09-09,1578.8900146484375
2021-09-10,1575.969970703125
2021-09-13,1570.1300048828125
2021-09-14,1555.510009765625
2021-09-15,1555.260009765625
2021-09-17,1548.510009765625
2021-09-20,1527.8900146484375
2021-09-21,1530.43994140625
2021-09-22,1529.02001953125
2021-09-23,1539.3399658203125
2021-09-24,1532.06005859375
2021-09-27,1533.050048828125
2021-09-28,1546.8199462890625
2021-09-29,1547.6500244140625
2021-09-30,1537.800048828125
2021-10-01,1524.47998046875
2021-10-04,1522.469970703125
2021-10-05,1530.4200439453125
2021-10-06,1559.4200439453125
2021-10-07,1561.2900390625
2021-10-08,1563.9000244140625
2021-10-11,1570.8199462890625
2021-10-12,1583.9100341796875
2021-10-13,1600.3800048828125
2021-10-14,1592.52001953125
2021-10-15,1598.280029296875
2021-10-18,1605.969970703125
2021-10-20,1606.3199462890625
2021-10-21,1591.6199951171875
2021-10-22,1588.0799560546875
2021-10-25,1587.93994140625
2021-10-26,1584.199951171875
2021-10-27,1583.0799560546875
2021-10-28,1566.8599853515625
2021-10-29,1562.31005859375
2021-11-01,1530.9200439453125
2021-11-02,1537.6300048828125
2021-11-03,1531.3299560546875
2021-11-05,1531.72998046875
2021-11-08,1535.4100341796875
2021-11-09,1524.030029296875
2021-11-10,1520.739990234375
2021-11-11,1518.8499755859375
2021-11-12,1531.219970703125
2021-11-15,1522.3399658203125
2021-11-16,1522.8900146484375
2021-11-17,1525.1300048828125
2021-11-18,1523.7900390625
2021-11-19,1525.5400390625
2021-11-22,1526.8699951171875
2021-11-23,1522.8800048828125
2021-11-24,1522.27001953125
2021-11-25,1517.5999755859375
2021-11-26,1512.219970703125
2021-11-29,1510.5699462890625
2021-11-30,1513.97998046875
2021-12-01,1496.9300537109375
2021-12-02,1501.739990234375
2021-12-06,1483.449951171875
2021-12-07,1497.969970703125
2021-12-08,1494.030029296875
2021-12-09,1501.7900390625
2021-12-10,1488.8800048828125
2021-12-13,1494.8599853515625
2021-12-14,1480.9200439453125
2021-12-15,1482.81005859375
2021-12-16,1484.6400146484375
2021-12-17,1502.010009765625
2021-12-20,1493.9000244140625
2021-12-21,1492.5899658203125
2021-12-22,1500.3199462890625
2021-12-23,1516.4200439453125
2021-12-24,1516.449951171875
2021-12-27,1533.9100341796875
2021-12-28,1539.8900146484375
2021-12-29,1545.0400390625
2021-12-30,1543.6099853515625
2021-12-31,1567.530029296875
2022-01-03,1549.050048828125
2022-01-04,1541.9000244140625
2022-01-05,1547.949951171875
2022-01-06,1533.3599853515625
2022-01-07,1543.1099853515625
2022-01-10,1550.1700439453125
2022-01-11,1564.2900390625
2022-01-12,1563.199951171875
2022-01-13,1569.510009765625
2022-01-14,1555.3299560546875
2022-01-17,1542.9200439453125
2022-01-19,1530.3299560546875
2022-01-20,1527.75
2022-01-21,1527.06005859375
2022-01-24,1521.8599853515625
2022-01-25,1508.9100341796875
2022-01-26,1515.760009765625
2022-01-27,1515.989990234375
2022-01-28,1520.02001953125
2022-01-31,1512.27001953125
2022-02-03,1525.72998046875
2022-02-04,1522.760009765625
2022-02-07,1530.6500244140625
2022-02-08,1530.0899658203125
2022-02-09,1551.510009765625
2022-02-10,1570.0999755859375
2022-02-11,1578.8900146484375
2022-02-14,1583.8399658203125
2022-02-15,1599.6099853515625
2022-02-16,1603.199951171875
2022-02-17,1605.02001953125
2022-02-18,1603.050048828125
2022-02-21,1582.68994140625
2022-02-22,1576.9599609375
2022-02-23,1586.1400146484375
2022-02-24,1573.8900146484375
2022-02-25,1591.719970703125
2022-02-28,1608.280029296875
2022-03-01,1596.43994140625
2022-03-02,1598.0999755859375
2022-03-03,1618.5400390625
2022-03-04,1603.93994140625
2022-03-07,1572.56005859375
2022-03-08,1546.8699951171875
2022-03-09,1562.3299560546875
2022-03-10,1580.530029296875
2022-03-11,1568.219970703125
2022-03-14,1567.43994140625
2022-03-15,1557.4100341796875
2022-03-16,1571.3199462890625
2022-03-17,1590.8800048828125
2022-03-18,1591.260009765625
2022-03-21,1587.1600341796875
2022-03-22,1585.81005859375
2022-03-23,1597.8800048828125
2022-03-24,1598.969970703125
2022-03-25,1603.300048828125
2022-03-28,1597.949951171875
2022-03-29,1583.4200439453125
2022-03-30,1583.219970703125
2022-03-31,1587.3599853515625
2022-04-01,1602.4100341796875
2022-04-04,1598.9200439453125
2022-04-05,1596.7900390625
2022-04-06,1604.719970703125
2022-04-07,1600.7900390625
2022-04-08,1607.2900390625
2022-04-11,1604.6099853515625
2022-04-12,1597.1300048828125
2022-04-13,1597.1800537109375
2022-04-14,1595.699951171875
2022-04-15,1589.010009765625
2022-04-18,1581.1400146484375
2022-04-20,1593.75
2022-04-21,1598.3199462890625
2022-04-22,1601.969970703125
2022-04-25,1589.97998046875
2022-04-26,1596.6800537109375
2022-04-27,1585.97998046875
2022-04-28,1597.31005859375
2022-04-29,1600.4300537109375
2022-05-05,1582.97998046875
2022-05-06,1564.3399658203125
2022-05-09,1549.1800537109375
2022-05-10,1554.5799560546875
2022-05-11,1555.9300537109375
2022-05-12,1538.800048828125
2022-05-13,1544.4100341796875
2022-05-17,1548.5999755859375
2022-05-18,1554.9100341796875
2022-05-19,1549.4100341796875
2022-05-20,1549.1199951171875
2022-05-23,1542.530029296875
2022-05-24,1531.300048828125
2022-05-25,1535.56005859375
2022-05-26,1541.1500244140625
2022-05-27,1546.760009765625
2022-05-30,1543.02001953125
2022-05-31,1570.0999755859375
2022-06-01,1553.4100341796875
2022-06-02,1549.9000244140625
2022-06-03,1537.8299560546875
2022-06-07,1525.9300537109375
2022-06-08,1523.8599853515625
2022-06-09,1509.7099609375
2022-06-10,1493.949951171875
2022-06-13,1464.8299560546875
2022-06-14,1481.280029296875
2022-06-15,1459.050048828125
2022-06-16,1472.77001953125
2022-06-17,1456.739990234375
2022-06-20,1441.239990234375
2022-06-21,1457.8800048828125
2022-06-22,1431.0999755859375
2022-06-23,1431.050048828125
2022-06-24,1436.699951171875
2022-06-27,1438.1199951171875
2022-06-28,1454.739990234375
2022-06-29,1451.47998046875
2022-06-30,1444.219970703125
2022-07-01,1449.739990234375
2022-07-04,1437.52001953125
2022-07-05,1440.81005859375
2022-07-06,1420.8499755859375
2022-07-07,1418.68994140625
2022-07-08,1425.7900390625
2022-07-12,1426.0799560546875
2022-07-13,1411.3199462890625
2022-07-14,1420.06005859375
2022-07-15,1418.43994140625
2022-07-18,1429.5400390625
2022-07-19,1428.760009765625
2022-07-20,1436.97998046875
2022-07-21,1450.3199462890625
2022-07-22,1465.800048828125
2022-07-25,1469.219970703125
2022-07-26,1463.68994140625
2022-07-27,1470.7099609375
2022-07-28,1491.199951171875
2022-07-29,1492.22998046875
2022-08-01,1502.0699462890625
2022-08-02,1495.050048828125
2022-08-03,1490.5699462890625
2022-08-04,1507.7099609375
2022-08-05,1501.550048828125
2022-08-08,1496.030029296875
2022-08-09,1497.6800537109375
2022-08-10,1492.3299560546875
2022-08-11,1505.56005859375
2022-08-12,1506.18994140625
2022-08-15,1504.010009765625
2022-08-16,1518.780029296875
2022-08-17,1518.1600341796875
2022-08-18,1516.6199951171875
2022-08-19,1504.43994140625
2022-08-22,1487.3699951171875
2022-08-23,1482.5699462890625
2022-08-24,1467.260009765625
2022-08-25,1495.489990234375
2022-08-26,1500.2900390625
2022-08-29,1501.5699462890625
2022-08-30,1512.050048828125
2022-09-01,1491.949951171875
2022-09-02,1491.1800537109375
2022-09-05,1489.800048828125
2022-09-06,1488.27001953125
2022-09-07,1491.3499755859375
2022-09-08,1494.72998046875
2022-09-09,1496.530029296875
2022-09-12,1497.9599609375
2022-09-13,1487.8399658203125
2022-09-14,1468.43994140625
2022-09-15,1467.31005859375
2022-09-19,1451.52001953125
2022-09-20,1461.0999755859375
2022-09-21,1447.1800537109375
2022-09-22,1439.1600341796875
2022-09-23,1424.97998046875
2022-09-26,1413.0400390625
2022-09-27,1410.8699951171875
2022-09-28,1401.8900146484375
2022-09-29,1397.5
2022-09-30,1394.6300048828125
2022-10-03,1397.6199951171875
2022-10-04,1409.3599853515625
2022-10-05,1420.550048828125
2022-10-06,1420.4300537109375
2022-10-07,1406.0
2022-10-11,1386.8199462890625
2022-10-12,1380.5699462890625
2022-10-13,1373.3599853515625
2022-10-14,1382.469970703125
2022-10-17,1386.27001953125
2022-10-18,1400.3599853515625
2022-10-19,1415.0999755859375
2022-10-20,1437.719970703125
2022-10-21,1446.4200439453125
2022-10-25,1444.4100341796875
2022-10-26,1454.97998046875
2022-10-27,1454.0899658203125
2022-10-28,1447.31005859375
2022-10-31,1460.3800048828125
2022-11-01,1445.9200439453125
2022-11-02,1451.6099853515625
2022-11-03,1420.3800048828125
2022-11-04,1438.280029296875
2022-11-07,1442.1199951171875
2022-11-08,1441.3499755859375
2022-11-09,1446.18994140625
2022-11-10,1449.739990234375
2022-11-11,1468.2099609375
2022-11-14,1464.0
2022-11-15,1450.5400390625
2022-11-16,1448.3800048828125
2022-11-17,1449.3199462890625
2022-11-21,1447.9599609375
2022-11-22,1441.2900390625
2022-11-23,1443.5
2022-11-24,1501.8800048828125
2022-11-25,1486.5400390625
2022-11-29,1476.9599609375
2022-11-30,1488.800048828125
2022-12-01,1491.510009765625
2022-12-02,1481.800048828125
2022-12-05,1471.56005859375
2022-12-06,1471.550048828125
2022-12-07,1466.8800048828125
2022-12-08,1465.9300537109375
2022-12-09,1477.18994140625
2022-12-12,1474.3800048828125
2022-12-13,1470.1199951171875
2022-12-14,1483.1700439453125
2022-12-15,1467.1300048828125
2022-12-16,1478.5400390625
2022-12-19,1477.0899658203125
2022-12-20,1467.3199462890625
2022-12-21,1462.550048828125
2022-12-22,1468.3499755859375
2022-12-23,1474.6800537109375
2022-12-27,1474.68994140625
2022-12-28,1480.1099853515625
2022-12-29,1491.6300048828125
2022-12-30,1495.489990234375
2023-01-03,1473.989990234375
2023-01-04,1469.550048828125
2023-01-05,1480.9300537109375
2023-01-06,1480.550048828125
2023-01-09,1493.4200439453125
2023-01-10,1485.1300048828125
2023-01-11,1487.8699951171875
2023-01-12,1488.6600341796875
2023-01-13,1495.030029296875
2023-01-16,1493.56005859375
2023-01-17,1499.3800048828125
2023-01-18,1495.5
2023-01-19,1496.219970703125
2023-01-20,1500.3299560546875
2023-01-25,1499.449951171875
2023-01-26,1498.3900146484375
2023-01-27,1497.550048828125
2023-01-30,1499.3900146484375
2023-01-31,1485.5
2023-02-02,1489.800048828125
2023-02-03,1490.469970703125
2023-02-07,1476.3800048828125
2023-02-08,1470.75
2023-02-09,1464.6400146484375
2023-02-10,1474.5899658203125
2023-02-13,1475.1700439453125
2023-02-14,1483.969970703125
2023-02-15,1488.18994140625
2023-02-16,1484.260009765625
2023-02-17,1476.9000244140625
2023-02-20,1473.4599609375
2023-02-21,1474.010009765625
2023-02-22,1464.0
2023-02-23,1457.6500244140625
2023-02-24,1456.800048828125
2023-02-27,1455.5
2023-02-28,1454.18994140625
2023-03-01,1450.199951171875
2023-03-02,1455.489990234375
2023-03-03,1453.550048828125
2023-03-06,1452.6800537109375
2023-03-07,1458.6700439453125
2023-03-08,1454.6600341796875
2023-03-09,1449.530029296875
2023-03-10,1433.0799560546875
2023-03-13,1421.8299560546875
2023-03-14,1393.8299560546875
2023-03-15,1403.9300537109375
2023-03-16,1391.5999755859375
2023-03-17,1411.72998046875
2023-03-20,1401.81005859375
2023-03-21,1406.550048828125
2023-03-22,1412.0400390625
2023-03-23,1410.97998046875
2023-03-24,1399.699951171875
2023-03-27,1396.5999755859375
2023-03-28,1409.0899658203125
2023-03-29,1420.3499755859375
2023-03-30,1424.6099853515625
2023-03-31,1422.5899658203125
2023-04-03,1433.3900146484375
2023-04-04,1429.6099853515625
2023-04-05,1429.550048828125
2023-04-06,1424.8900146484375
2023-04-07,1427.0400390625
2023-04-10,1428.1300048828125
2023-04-11,1435.8900146484375
2023-04-12,1434.739990234375
2023-04-13,1434.219970703125
2023-04-14,1435.1300048828125
2023-04-17,1434.9000244140625
2023-04-18,1432.3599853515625
2023-04-19,1425.0699462890625
2023-04-20,1422.1099853515625
2023-04-25,1425.18994140625
2023-04-26,1414.25
2023-04-27,1418.050048828125
2023-04-28,1415.949951171875
2023-05-02,1426.1099853515625
2023-05-03,1425.989990234375
2023-05-05,1431.0400390625
2023-05-08,1433.739990234375
2023-05-09,1432.6300048828125
2023-05-10,1425.6800537109375
2023-05-11,1425.1800537109375
2023-05-12,1422.9200439453125
2023-05-15,1417.3699951171875
2023-05-16,1423.5
2023-05-17,1424.3399658203125
2023-05-18,1428.0400390625
2023-05-19,1428.5400390625
2023-05-22,1419.0
2023-05-23,1411.5400390625
2023-05-24,1409.6199951171875
2023-05-25,1402.47998046875
2023-05-26,1402.97998046875
2023-05-29,1404.9300537109375
2023-05-30,1396.9100341796875
2023-05-31,1387.1199951171875
2023-06-01,1383.010009765625
2023-06-02,1381.260009765625
2023-06-06,1383.1700439453125
2023-06-07,1378.6500244140625
2023-06-08,1374.6400146484375
2023-06-09,1376.0799560546875
2023-06-12,1386.77001953125
2023-06-13,1380.6099853515625
2023-06-14,1385.4200439453125
2023-06-15,1381.72998046875
2023-06-16,1388.6099853515625
2023-06-19,1387.3299560546875
2023-06-20,1388.3299560546875
2023-06-21,1393.449951171875
2023-06-22,1394.6700439453125
2023-06-23,1390.8900146484375
2023-06-26,1389.8800048828125
2023-06-27,1386.739990234375
2023-06-28,1388.3699951171875
2023-06-30,1376.6800537109375
2023-07-03,1395.8900146484375
2023-07-04,1392.489990234375
2023-07-05,1389.9000244140625
2023-07-06,1385.949951171875
2023-07-07,1377.6700439453125
2023-07-10,1383.06005859375
2023-07-11,1391.4599609375
2023-07-12,1398.06005859375
2023-07-13,1396.22998046875
2023-07-14,1412.0899658203125
2023-07-17,1406.0999755859375
2023-07-18,1403.030029296875
2023-07-20,1406.68994140625
2023-07-21,1413.52001953125
2023-07-24,1424.68994140625
2023-07-25,1436.7900390625
2023-07-26,1449.2900390625
2023-07-27,1451.27001953125
2023-07-28,1450.3499755859375
2023-07-31,1459.4300537109375
2023-08-01,1451.239990234375
2023-08-02,1444.56005859375
2023-08-03,1441.8499755859375
2023-08-04,1445.2099609375
2023-08-07,1445.81005859375
2023-08-08,1451.0
2023-08-09,1462.030029296875
2023-08-10,1458.9300537109375
2023-08-11,1457.1600341796875
2023-08-14,1457.0
2023-08-15,1460.280029296875
2023-08-16,1463.510009765625
2023-08-17,1447.97998046875
2023-08-18,1446.0899658203125
2023-08-21,1450.5699462890625
2023-08-22,1451.530029296875
2023-08-23,1440.1099853515625
2023-08-24,1444.6700439453125
2023-08-25,1444.489990234375
2023-08-28,1444.06005859375
2023-08-29,1454.43994140625
2023-08-30,1451.93994140625
2023-09-01,1463.4300537109375
2023-09-04,1462.719970703125
2023-09-05,1454.8299560546875
2023-09-06,1460.6199951171875
2023-09-07,1460.0699462890625
2023-09-08,1454.949951171875
2023-09-11,1455.0400390625
2023-09-12,1453.3900146484375
2023-09-13,1453.5400390625
2023-09-14,1449.5799560546875
2023-09-15,1459.030029296875
2023-09-18,1457.989990234375
2023-09-19,1457.6600341796875
2023-09-20,1451.56005859375
2023-09-21,1448.2099609375
2023-09-22,1450.22998046875
2023-09-25,1443.449951171875
2023-09-26,1445.550048828125
2023-09-27,1440.1099853515625
2023-09-29,1424.1700439453125
2023-10-02,1418.760009765625
2023-10-03,1420.010009765625
2023-10-04,1415.8399658203125
2023-10-05,1415.5999755859375
2023-10-06,1416.8800048828125
2023-10-09,1417.260009765625
2023-10-10,1435.1700439453125
2023-10-11,1436.489990234375
2023-10-12,1443.8199462890625
2023-10-13,1444.1400146484375
2023-10-16,1438.9599609375
2023-10-17,1444.1300048828125
2023-10-18,1446.5400390625
2023-10-19,1442.6600341796875
2023-10-20,1441.0400390625
2023-10-23,1438.1199951171875
2023-10-24,1435.6500244140625
2023-10-25,1442.510009765625
2023-10-26,1440.5999755859375
2023-10-27,1441.9000244140625
2023-10-30,1439.199951171875
2023-10-31,1442.1400146484375
2023-11-01,1435.3299560546875
2023-11-02,1439.77001953125
2023-11-03,1449.9300537109375
2023-11-06,1464.6700439453125
2023-11-07,1463.3699951171875
2023-11-08,1457.5999755859375
2023-11-09,1452.27001953125
2023-11-10,1445.1800537109375
2023-11-14,1451.719970703125
2023-11-15,1466.8399658203125
2023-11-16,1464.6800537109375
2023-11-17,1460.6700439453125
2023-11-20,1456.9200439453125
2023-11-21,1463.4000244140625
2023-11-22,1455.8900146484375
2023-11-23,1453.2900390625
2023-11-24,1453.9200439453125
2023-11-27,1448.1500244140625
2023-11-28,1448.02001953125
2023-11-29,1446.0699462890625
2023-11-30,1452.739990234375
2023-12-01,1456.3800048828125
2023-12-04,1451.02001953125
2023-12-05,1449.4599609375
2023-12-06,1445.8199462890625
2023-12-07,1442.8499755859375
2023-12-08,1441.969970703125
2023-12-11,1446.3900146484375
2023-12-12,1447.1199951171875
2023-12-13,1448.0400390625
2023-12-14,1456.260009765625
2023-12-15,1462.449951171875
2023-12-18,1465.280029296875
2023-12-19,1465.6700439453125
2023-12-20,1464.56005859375
2023-12-21,1455.5799560546875
2023-12-22,1454.3800048828125
2023-12-26,1450.780029296875
2023-12-27,1454.219970703125
2023-12-28,1457.4100341796875
2023-12-29,1454.6600341796875
2024-01-02,1453.0999755859375
2024-01-03,1462.3699951171875
2024-01-04,1477.260009765625
2024-01-05,1487.6099853515625
2024-01-08,1495.699951171875
2024-01-09,1498.8299560546875
2024-01-10,1486.8599853515625
2024-01-11,1483.0
2024-01-12,1487.3399658203125
2024-01-15,1501.1099853515625
2024-01-16,1493.8699951171875
2024-01-17,1491.2099609375
2024-01-18,1479.1800537109375
2024-01-19,1486.3699951171875
2024-01-22,1491.18994140625
2024-01-23,1496.1099853515625
2024-01-24,1504.0999755859375
2024-01-26,1506.280029296875
2024-01-29,1515.3900146484375
2024-01-30,1512.75
2024-01-31,1512.97998046875
2024-02-02,1516.5799560546875
2024-02-05,1511.3399658203125
2024-02-06,1512.97998046875
2024-02-07,1513.1099853515625
2024-02-08,1512.3599853515625
2024-02-09,1512.280029296875
2024-02-13,1531.3699951171875
2024-02-14,1529.3299560546875
2024-02-15,1528.3800048828125
2024-02-16,1533.550048828125
2024-02-19,1538.6099853515625
2024-02-20,1555.5899658203125
2024-02-21,1552.4000244140625
2024-02-22,1545.489990234375
2024-02-23,1549.1099853515625
2024-02-26,1547.5999755859375
2024-02-27,1558.800048828125
2024-02-28,1545.5899658203125
2024-02-29,1551.43994140625
2024-03-01,1538.02001953125
2024-03-04,1539.27001953125
2024-03-05,1536.97998046875
2024-03-06,1531.510009765625
2024-03-07,1535.8299560546875
2024-03-08,1539.8599853515625
2024-03-11,1544.7099609375
2024-03-12,1554.56005859375
2024-03-13,1538.1300048828125
2024-03-14,1543.75
2024-03-15,1552.8299560546875
2024-03-18,1553.6400146484375
2024-03-19,1544.9599609375
2024-03-20,1535.7900390625
2024-03-21,1541.4100341796875
2024-03-22,1542.3900146484375
2024-03-25,1537.5400390625
2024-03-26,1538.4200439453125
2024-03-27,1530.5999755859375
2024-03-29,1536.0699462890625
2024-04-01,1544.02001953125
2024-04-02,1547.989990234375
2024-04-03,1537.010009765625
2024-04-04,1553.239990234375
2024-04-05,1555.25
2024-04-08,1559.97998046875
2024-04-09,1553.510009765625
2024-04-12,1551.0400390625
2024-04-15,1542.530029296875
2024-04-16,1535.0
2024-04-17,1540.4200439453125
2024-04-18,1544.760009765625
2024-04-19,1547.5699462890625
2024-04-22,1559.5899658203125
2024-04-23,1561.6400146484375
2024-04-24,1571.47998046875
2024-04-25,1569.25
2024-04-26,1575.1600341796875
2024-04-29,1582.6600341796875
2024-04-30,1575.969970703125
2024-05-02,1580.300048828125
2024-05-03,1589.5899658203125
2024-05-06,1597.3900146484375
2024-05-07,1605.6800537109375
2024-05-08,1604.75
2024-05-09,1601.219970703125
2024-05-10,1600.6700439453125
2024-05-13,1602.9100341796875
2024-05-14,1605.8800048828125
2024-05-15,1603.22998046875
2024-05-16,1611.1099853515625
2024-05-17,1616.6199951171875
2024-05-20,1627.5
2024-05-21,1622.0899658203125
2024-05-23,1629.1800537109375
2024-05-24,1619.4000244140625
2024-05-27,1618.27001953125
2024-05-28,1615.8199462890625
2024-05-29,1605.3499755859375
2024-05-30,1604.260009765625
2024-05-31,1596.6800537109375
2024-06-04,1615.4000244140625
2024-06-05,1608.530029296875
2024-06-06,1614.72998046875
2024-06-07,1617.8599853515625
2024-06-10,1614.3699951171875
2024-06-11,1611.489990234375
2024-06-12,1608.949951171875
2024-06-13,1610.1700439453125
2024-06-14,1607.3199462890625
2024-06-18,1606.1300048828125
2024-06-19,1599.7900390625
2024-06-20,1592.68994140625
2024-06-21,1590.3699951171875
2024-06-24,1589.6600341796875
2024-06-25,1585.3800048828125
2024-06-26,1590.949951171875
2024-06-27,1584.93994140625
2024-06-28,1590.0899658203125
2024-07-01,1598.199951171875
2024-07-02,1597.9599609375
2024-07-03,1615.3199462890625
2024-07-04,1616.75
2024-07-05,1611.02001953125
2024-07-09,1614.4200439453125
2024-07-10,1618.3800048828125
2024-07-11,1623.1199951171875
2024-07-12,1619.06005859375
2024-07-15,1629.8199462890625
2024-07-16,1625.9599609375
2024-07-17,1633.5400390625
2024-07-18,1633.81005859375
2024-07-19,1636.550048828125
2024-07-22,1622.0699462890625
2024-07-23,1629.6800537109375
2024-07-24,1621.1400146484375
2024-07-25,1615.1800537109375
2024-07-26,1612.8800048828125
2024-07-29,1624.56005859375
2024-07-30,1611.93994140625
2024-07-31,1625.5699462890625
2024-08-01,1624.25
2024-08-02,1611.050048828125
2024-08-05,1536.47998046875
2024-08-06,1574.3900146484375
2024-08-07,1591.8699951171875
2024-08-08,1590.3800048828125
2024-08-09,1596.050048828125
2024-08-12,1606.6600341796875
2024-08-13,1609.52001953125
2024-08-14,1612.3499755859375
2024-08-15,1612.93994140625
2024-08-16,1623.9000244140625
2024-08-19,1648.699951171875
2024-08-20,1642.77001953125
2024-08-21,1635.3199462890625
2024-08-22,1641.6600341796875
2024-08-23,1635.739990234375
2024-08-26,1638.9599609375
2024-08-27,1652.2900390625
2024-08-28,1675.239990234375
2024-08-29,1653.550048828125
2024-08-30,1678.800048828125
2024-09-02,1678.18994140625
2024-09-03,1676.6500244140625
2024-09-04,1670.239990234375
2024-09-05,1664.8199462890625
2024-09-06,1653.1199951171875
2024-09-09,1651.489990234375
2024-09-10,1660.3499755859375
2024-09-11,1639.800048828125
2024-09-12,1638.31005859375
2024-09-13,1652.1500244140625
2024-09-17,1664.280029296875
2024-09-18,1660.5899658203125
2024-09-19,1665.6500244140625
2024-09-20,1668.8199462890625
2024-09-23,1665.300048828125
2024-09-24,1670.3699951171875
2024-09-25,1673.3800048828125
2024-09-26,1671.3199462890625
2024-09-27,1660.0899658203125
2024-09-30,1648.9100341796875
2024-10-01,1656.3900146484375
2024-10-02,1639.31005859375
2024-10-03,1641.550048828125
2024-10-04,1629.969970703125
2024-10-07,1635.2900390625
2024-10-08,1635.6199951171875
2024-10-09,1634.9100341796875
2024-10-10,1640.93994140625
2024-10-11,1633.550048828125
2024-10-14,1636.5400390625
2024-10-15,1641.969970703125
2024-10-16,1632.6300048828125
2024-10-17,1641.43994140625
2024-10-18,1645.989990234375
2024-10-21,1645.6800537109375
2024-10-22,1642.5400390625
2024-10-23,1641.530029296875
2024-10-24,1632.22998046875
2024-10-25,1618.300048828125
2024-10-28,1610.469970703125
2024-10-29,1615.0799560546875
2024-10-30,1601.8800048828125
2024-11-01,1603.97998046875
2024-11-04,1616.4300537109375
2024-11-05,1620.699951171875
2024-11-06,1634.1700439453125
2024-11-07,1623.280029296875
2024-11-08,1621.239990234375
2024-11-11,1609.260009765625
2024-11-12,1608.4300537109375
2024-11-13,1611.5
2024-11-14,1600.6800537109375
2024-11-15,1592.43994140625
2024-11-18,1604.0400390625
2024-11-19,1602.3399658203125
2024-11-20,1598.1800537109375
2024-11-21,1588.6800537109375
2024-11-22,1589.780029296875
2024-11-25,1597.449951171875
2024-11-26,1603.1500244140625
2024-11-27,1604.25
2024-11-28,1597.489990234375
2024-11-29,1594.2900390625
2024-12-02,1595.47998046875
2024-12-03,1606.9599609375
2024-12-04,1614.0899658203125
2024-12-05,1615.6400146484375
2024-12-06,1613.25
2024-12-09,1611.4300537109375
2024-12-10,1608.969970703125
2024-12-11,1603.199951171875
2024-12-12,1602.0799560546875
2024-12-13,1608.75
2024-12-16,1606.8499755859375
2024-12-17,1597.3299560546875
2024-12-18,1599.5799560546875
2024-12-19,1600.0899658203125
2024-12-20,1591.4100341796875
2024-12-23,1596.199951171875
2024-12-24,1602.989990234375
2024-12-26,1613.699951171875
2024-12-27,1628.1400146484375
2024-12-30,1637.6800537109375
2024-12-31,1642.3299560546875
2025-01-02,1632.8699951171875
2025-01-03,1629.4599609375
2025-01-06,1625.469970703125
2025-01-07,1629.7900390625
2025-01-08,1614.8299560546875
2025-01-09,1600.81005859375
2025-01-10,1602.4100341796875
2025-01-13,1585.5899658203125
2025-01-14,1576.4599609375
2025-01-15,1562.1199951171875
2025-01-16,1555.5400390625
2025-01-17,1566.719970703125
2025-01-20,1572.3399658203125
2025-01-21,1580.4599609375
2025-01-22,1587.800048828125
2025-01-23,1577.199951171875
2025-01-24,1573.72998046875
2025-01-27,1558.969970703125
2025-01-28,1552.68994140625
2025-01-31,1556.9200439453125
2025-02-03,1553.6300048828125
2025-02-04,1564.56005859375
2025-02-05,1574.510009765625
2025-02-06,1585.1700439453125
2025-02-07,1590.9100341796875
2025-02-10,1589.949951171875
2025-02-12,1603.050048828125
2025-02-13,1592.280029296875
2025-02-14,1591.5999755859375
2025-02-17,1582.760009765625
2025-02-18,1584.8399658203125
2025-02-19,1580.8800048828125
2025-02-20,1577.6700439453125
2025-02-21,1591.030029296875
2025-02-24,1584.25
2025-02-25,1568.030029296875
2025-02-26,1588.7099609375
2025-02-27,1586.5999755859375
2025-02-28,1574.699951171875
2025-03-03,1571.3900146484375
2025-03-04,1555.6600341796875
2025-03-05,1564.4200439453125
2025-03-06,1558.9100341796875
2025-03-07,1547.27001953125
2025-03-10,1536.4599609375
2025-03-11,1520.1500244140625
2025-03-12,1484.8299560546875
2025-03-13,1510.030029296875
2025-03-14,1512.1500244140625
2025-03-17,1527.81005859375
2025-03-19,1517.6600341796875
2025-03-20,1504.1600341796875
2025-03-21,1505.449951171875
2025-03-24,1503.8199462890625
2025-03-25,1513.5999755859375
2025-03-26,1518.050048828125
2025-03-27,1535.72998046875
2025-03-28,1513.6500244140625
2025-04-02,1526.52001953125
2025-04-03,1518.9100341796875
2025-04-04,1504.1400146484375
2025-04-07,1443.800048828125
2025-04-08,1443.56005859375
2025-04-09,1400.5899658203125
2025-04-10,1463.1300048828125
2025-04-11,1454.760009765625
2025-04-14,1480.8599853515625
2025-04-15,1486.4300537109375
2025-04-16,1476.9200439453125
2025-04-17,1483.27001953125
2025-04-18,1499.4000244140625
2025-04-21,1499.469970703125
2025-04-22,1486.25
2025-04-23,1501.18994140625
2025-04-24,1506.52001953125
2025-04-25,1509.199951171875
2025-04-28,1521.5899658203125
2025-04-29,1515.56005859375
2025-04-30,1540.219970703125
2025-05-02,1542.489990234375
2025-05-05,1539.5400390625
2025-05-06,1536.800048828125
2025-05-07,1549.9000244140625
2025-05-08,1542.739990234375
2025-05-09,1546.5
2025-05-13,1582.3900146484375
2025-05-14,1583.510009765625
2025-05-15,1573.02001953125
2025-05-16,1571.75
2025-05-19,1556.1400146484375
2025-05-20,1548.8699951171875
2025-05-21,1544.800048828125
2025-05-22,1527.02001953125
2025-05-23,1535.3800048828125
2025-05-26,1534.300048828125
2025-05-27,1526.1600341796875
2025-05-28,1523.47998046875
2025-05-29,1518.97998046875
2025-05-30,1508.3499755859375
2025-06-03,1503.25
2025-06-04,1507.969970703125
2025-06-05,1518.1199951171875
2025-06-06,1516.7900390625
2025-06-09,1519.4100341796875
2025-06-10,1516.949951171875
2025-06-11,1523.8399658203125
2025-06-12,1526.6199951171875
2025-06-13,1518.1099853515625
2025-06-16,1519.989990234375
2025-06-17,1511.6400146484375
2025-06-18,1511.949951171875
2025-06-19,1501.43994140625
2025-06-20,1502.739990234375
2025-06-23,1516.6099853515625
2025-06-24,1514.2900390625
2025-06-25,1519.7900390625
2025-06-26,1528.1600341796875
2025-06-30,1532.9599609375
2025-07-01,1541.530029296875
2025-07-02,1550.2099609375
2025-07-03,1548.989990234375
2025-07-04,1550.18994140625
2025-07-07,1537.5400390625
2025-07-08,1530.1400146484375
2025-07-09,1529.239990234375
2025-07-10,1536.52001953125
2025-07-11,1536.0699462890625
2025-07-14,1537.510009765625
2025-07-15,1525.4000244140625
2025-07-16,1511.5
2025-07-17,1520.93994140625
2025-07-18,1525.8599853515625
2025-07-21,1524.5899658203125
2025-07-22,1519.4000244140625
2025-07-23,1529.7900390625
2025-07-24,1540.3199462890625
2025-07-25,1533.760009765625
2025-07-28,1529.3800048828125
2025-07-29,1523.8199462890625
2025-07-30,1524.5
2025-07-31,1513.25
2025-08-01,1533.3499755859375
2025-08-04,1526.97998046875
2025-08-05,1538.6400146484375
2025-08-06,1541.47998046875
2025-08-07,1549.1099853515625
2025-08-08,1556.97998046875
2025-08-11,1563.239990234375
2025-08-12,1567.9000244140625
2025-08-13,1586.5999755859375
2025-08-14,1581.050048828125
2025-08-15,1576.3399658203125
2025-08-18,1584.9599609375
2025-08-19,1590.239990234375
2025-08-20,1588.2099609375
2025-08-21,1592.8699951171875
2025-08-22,1597.469970703125
2025-08-25,1602.449951171875
2025-08-26,1581.5899658203125
2025-08-27,1587.9100341796875
2025-08-28,1587.0699462890625
2025-08-29,1575.1199951171875
2025-09-02,1576.699951171875
2025-09-03,1578.52001953125
2025-09-04,1578.1500244140625
2025-09-08,1585.5899658203125
2025-09-09,1586.81005859375
2025-09-10,1590.75
2025-09-11,1582.8499755859375
2025-09-12,1600.1300048828125
2025-09-17,1611.699951171875
2025-09-18,1598.9300537109375
2025-09-19,1598.22998046875
2025-09-22,1603.3399658203125
2025-09-23,1603.550048828125
2025-09-24,1599.6600341796875
2025-09-25,1598.469970703125
2025-09-26,1609.050048828125
2025-09-29,1610.949951171875
2025-09-30,1611.8800048828125
2025-10-01,1620.8699951171875
2025-10-02,1637.800048828125
2025-10-03,1635.06005859375
2025-10-06,1638.0899658203125
2025-10-07,1630.030029296875
2025-10-08,1627.5
2025-10-09,1629.6700439453125
2025-10-10,1622.25
2025-10-13,1615.18994140625
2025-10-14,1611.4599609375
2025-10-15,1611.550048828125
2025-10-16,1612.2900390625
2025-10-17,1607.1800537109375
2025-10-21,1616.8299560546875
2025-10-22,1602.68994140625
2025-10-23,1608.0
2025-10-24,1613.27001953125
2025-10-27,1618.3800048828125
2025-10-28,1613.56005859375
2025-10-29,1611.5400390625
2025-10-30,1614.199951171875
2025-10-31,1609.1500244140625
2025-11-03,1622.4200439453125
2025-11-04,1623.5
2025-11-05,1621.550048828125
2025-11-06,1618.93994140625
2025-11-07,1619.1300048828125
2025-11-10,1627.3800048828125
2025-11-11,1634.8299560546875
2025-11-12,1631.6099853515625
2025-11-13,1632.27001953125
2025-11-14,1625.6700439453125
2025-11-17,1627.4300537109375
2025-11-18,1614.06005859375
2025-11-19,1623.8900146484375
2025-11-20,1619.9599609375
2025-11-21,1617.5699462890625
2025-11-24,1618.780029296875
2025-11-25,1611.739990234375
2025-11-26,1624.5
2025-11-27,1617.4599609375
2025-11-28,1604.469970703125
2025-12-01,1624.5699462890625
2025-12-02,1630.5999755859375
2025-12-03,1622.8399658203125
2025-12-04,1621.0699462890625
2025-12-05,1616.52001953125
2025-12-08,1612.780029296875
2025-12-09,1614.1700439453125
2025-12-10,1611.0
2025-12-11,1625.3900146484375
2025-12-12,1637.81005859375
2025-12-15,1643.719970703125
2025-12-16,1648.31005859375
2025-12-17,1641.43994140625
2025-12-18,1646.9000244140625
2025-12-19,1665.9000244140625
2025-12-22,1671.2900390625
2025-12-23,1676.6400146484375
2025-12-24,1678.31005859375
2025-12-26,1677.0999755859375
2025-12-29,1680.989990234375
2025-12-30,1684.530029296875
2025-12-31,1680.1099853515625
