date,yield_close,daily_change,tot_vol,maturity_month,maturity_year
2015-01-02,4.13,0.05,30.0,7,2024
2015-01-05,4.17,0.04,234.14,7,2024
2015-01-06,4.2,0.03,45.2,7,2024
2015-01-07,4.17,-0.03,20.93,7,2024
2015-01-08,4.19,0.02,172.45,7,2024
2015-01-09,4.14,-0.05,208.64,7,2024
2015-01-12,4.05,-0.09,393.42,7,2024
2015-01-13,3.98,-0.07,453.2,7,2024
2015-01-14,3.98,0.0,372.37,7,2024
2015-01-15,3.95,-0.03,261.3,7,2024
2015-01-16,3.9,-0.05,210.0,7,2024
2015-01-19,3.93,0.03,145.3,7,2024
2015-01-20,3.92,-0.01,186.66,7,2024
2015-01-21,3.99,0.07,212.06,7,2024
2015-01-22,3.98,-0.01,147.45,7,2024
2015-01-23,3.93,-0.05,81.6,7,2024
2015-01-26,3.89,-0.04,717.66,7,2024
2015-01-27,3.89,0.0,10.0,7,2024
2015-01-28,3.83,-0.06,527.0,7,2024
2015-01-29,3.84,0.01,160.42,7,2024
2015-01-30,3.8,-0.04,416.56,7,2024
2015-02-04,3.76,-0.04,874.53,7,2024
2015-02-05,3.72,-0.04,254.52,7,2024
2015-02-06,3.76,0.04,163.0,7,2024
2015-02-09,3.76,0.0,53.89,7,2024
2015-02-10,3.81,0.05,91.35,7,2024
2015-02-11,3.84,0.03,293.43,7,2024
2015-02-12,3.87,0.03,1149.03,7,2024
2015-02-13,3.86,-0.01,173.47,7,2024
2015-02-16,3.9,0.04,366.39,7,2024
2015-02-17,3.87,-0.03,66.6,7,2024
2015-02-18,3.86,-0.01,123.45,7,2024
2015-02-23,3.89,0.03,35.0,7,2024
2015-02-24,3.86,-0.03,145.89,7,2024
2015-02-25,3.86,0.0,393.82,7,2024
2015-02-26,3.86,0.0,171.1,7,2024
2015-02-27,3.87,0.01,188.65,7,2024
2015-03-02,3.88,0.01,16.58,7,2024
2015-03-03,3.87,-0.01,34.15,7,2024
2015-03-04,3.89,0.02,88.78,7,2024
2015-03-05,3.9,0.01,236.48,7,2024
2015-03-06,3.9,0.0,182.08,7,2024
2015-03-09,3.95,0.05,36.25,7,2024
2015-03-10,3.95,0.0,3.1,7,2024
2015-03-11,3.98,0.03,217.4,7,2024
2015-03-12,3.96,-0.02,83.05,7,2024
2015-03-13,3.96,3.96,909.9,9,2025
2015-03-16,3.92,-0.04,160.0,9,2025
2015-03-17,3.91,-0.01,420.0,9,2025
2015-03-18,3.93,0.02,370.0,9,2025
2015-03-19,3.9,-0.03,474.97,9,2025
2015-03-20,3.9,0.0,200.91,9,2025
2015-03-24,3.88,-0.02,640.0,9,2025
2015-03-25,3.89,0.01,410.0,9,2025
2015-03-26,3.89,0.0,211.0,9,2025
2015-03-27,3.89,0.0,205.1,9,2025
2015-03-30,3.9,0.01,90.4,9,2025
2015-04-01,3.86,-0.01,614.39,9,2025
2015-04-02,3.86,0.0,450.08,9,2025
2015-04-03,3.86,0.0,30.0,9,2025
2015-04-06,3.84,-0.02,380.0,9,2025
2015-04-07,3.89,0.05,82.07,9,2025
2015-04-08,3.85,-0.04,537.85,9,2025
2015-04-09,3.86,0.01,211.5,9,2025
2015-04-10,3.87,0.01,278.3,9,2025
2015-04-13,3.87,0.0,2.5,9,2025
2015-04-14,3.89,0.02,20.0,9,2025
2015-04-15,3.89,0.0,90.0,9,2025
2015-04-16,3.89,0.0,50.0,9,2025
2015-04-17,3.88,-0.01,1.2,9,2025
2015-04-20,3.88,0.0,170.0,9,2025
2015-04-21,3.86,-0.02,495.45,9,2025
2015-04-22,3.85,-0.02,220.64,9,2025
2015-04-23,3.85,0.0,234.27,9,2025
2015-04-24,3.84,-0.01,285.0,9,2025
2015-04-27,3.83,-0.01,56.02,9,2025
2015-04-28,3.84,0.01,193.5,9,2025
2015-04-29,3.84,0.0,42.07,9,2025
2015-04-30,3.85,0.01,148.17,9,2025
2015-05-05,3.85,0.0,157.42,9,2025
2015-05-06,3.85,0.0,50.35,9,2025
2015-05-07,3.9,0.05,70.0,9,2025
2015-05-08,3.91,0.01,54.6,9,2025
2015-05-11,3.88,-0.03,30.0,9,2025
2015-05-13,3.89,0.01,4.6,9,2025
2015-05-14,3.88,-0.01,5.56,9,2025
2015-05-15,3.88,0.0,231.76,9,2025
2015-05-18,3.87,-0.01,51.78,9,2025
2015-05-19,3.86,-0.01,55.72,9,2025
2015-05-21,3.86,0.0,10.0,9,2025
2015-05-22,3.86,0.0,30.2,9,2025
2015-05-25,3.86,0.0,10.56,9,2025
2015-05-26,3.88,0.02,10.0,9,2025
2015-05-27,3.89,0.01,155.15,9,2025
2015-05-28,3.9,0.01,38.15,9,2025
2015-05-29,3.91,0.01,190.0,9,2025
2015-06-01,3.89,-0.02,0.1,9,2025
2015-06-02,3.91,0.02,7.1,9,2025
2015-06-03,3.95,0.04,30.0,9,2025
2015-06-04,3.97,0.02,251.84,9,2025
2015-06-05,4.03,0.06,1954.5,9,2025
2015-06-08,4.16,0.13,647.31,9,2025
2015-06-09,4.1,-0.06,246.59,9,2025
2015-06-10,4.1,0.0,121.76,9,2025
2015-06-11,4.13,0.03,269.4,9,2025
2015-06-12,4.12,-0.01,190.0,9,2025
2015-06-15,4.11,-0.01,47.8,9,2025
2015-06-16,4.1,-0.03,11.02,9,2025
2015-06-17,4.04,-0.06,356.55,9,2025
2015-06-18,4.02,-0.02,604.7,9,2025
2015-06-19,4.01,-0.01,277.0,9,2025
2015-06-22,4.01,0.0,280.0,9,2025
2015-06-23,3.99,-0.02,134.59,9,2025
2015-06-24,4.01,0.02,22.65,9,2025
2015-06-25,4.03,0.02,11.77,9,2025
2015-06-26,4.04,0.01,14.1,9,2025
2015-06-30,4.01,-0.03,278.87,9,2025
2015-07-01,3.96,-0.05,1231.1,9,2025
2015-07-02,3.97,-0.02,371.0,9,2025
2015-07-03,3.97,0.0,206.76,9,2025
2015-07-06,4.02,0.06,236.12,9,2025
2015-07-07,4.07,0.05,185.76,9,2025
2015-07-08,4.05,-0.02,477.39,9,2025
2015-07-09,4.02,-0.05,120.5,9,2025
2015-07-10,4.01,-0.01,75.0,9,2025
2015-07-13,4.02,0.01,102.86,9,2025
2015-07-14,4.03,0.03,110.2,9,2025
2015-07-15,4.02,-0.01,50.65,9,2025
2015-07-16,4.01,-0.02,80.0,9,2025
2015-07-20,3.98,-0.03,491.4,9,2025
2015-07-21,3.95,-0.03,884.26,9,2025
2015-07-22,3.91,-0.04,300.3,9,2025
2015-07-23,3.91,0.0,81.5,9,2025
2015-07-24,3.94,0.04,56.06,9,2025
2015-07-27,3.94,0.0,51.0,9,2025
2015-07-28,3.97,0.03,257.0,9,2025
2015-07-29,3.99,0.02,99.11,9,2025
2015-07-30,4.01,0.03,70.0,9,2025
2015-07-31,4.06,0.05,456.43,9,2025
2015-08-03,4.07,0.01,78.33,9,2025
2015-08-04,4.06,-0.01,139.21,9,2025
2015-08-05,4.04,-0.01,20.3,9,2025
2015-08-06,4.09,0.01,53.5,9,2025
2015-08-07,4.18,0.09,130.0,9,2025
2015-08-10,4.15,-0.03,0.2,9,2025
2015-08-11,4.18,0.03,139.48,9,2025
2015-08-12,4.22,0.04,228.51,9,2025
2015-08-13,4.18,-0.01,80.0,9,2025
2015-08-14,4.21,0.03,65.75,9,2025
2015-08-17,4.31,0.1,153.7,9,2025
2015-08-18,4.28,-0.03,102.0,9,2025
2015-08-19,4.25,-0.03,334.2,9,2025
2015-08-20,4.29,0.01,150.0,9,2025
2015-08-21,4.33,0.04,54.7,9,2025
2015-08-24,4.38,0.04,156.65,9,2025
2015-08-25,4.38,0.0,202.7,9,2025
2015-08-26,4.44,0.06,420.0,9,2025
2015-08-27,4.45,0.01,1985.77,9,2025
2015-08-28,4.39,-0.08,597.06,9,2025
2015-09-01,4.22,-0.17,590.37,9,2025
2015-09-02,4.25,0.03,96.63,9,2025
2015-09-03,4.24,-0.01,543.03,9,2025
2015-09-04,4.2,-0.04,640.31,9,2025
2015-09-07,4.24,0.03,290.35,9,2025
2015-09-08,4.25,0.01,69.26,9,2025
2015-09-09,4.17,-0.05,198.34,9,2025
2015-09-10,4.18,0.01,171.82,9,2025
2015-09-11,4.18,0.0,21.15,9,2025
2015-09-14,4.16,-0.02,130.0,9,2025
2015-09-15,4.18,0.02,168.86,9,2025
2015-09-17,4.19,0.01,49.11,9,2025
2015-09-18,4.12,-0.04,283.02,9,2025
2015-09-21,4.11,-0.01,12.8,9,2025
2015-09-22,4.2,0.09,394.85,9,2025
2015-09-23,4.23,0.03,105.34,9,2025
2015-09-25,4.35,0.13,166.12,9,2025
2015-09-28,4.37,0.02,93.85,9,2025
2015-09-29,4.35,-0.02,345.04,9,2025
2015-09-30,4.14,-0.21,773.03,9,2025
2015-10-01,4.1,-0.04,626.29,9,2025
2015-10-02,4.14,0.04,484.65,9,2025
2015-10-05,4.1,-0.04,1.5,9,2025
2015-10-06,4.15,0.05,87.49,9,2025
2015-10-07,4.14,-0.01,375.1,9,2025
2015-10-08,4.17,0.03,118.23,9,2025
2015-10-09,4.1,-0.04,327.21,9,2025
2015-10-12,4.11,0.01,72.6,9,2025
2015-10-13,4.1,-0.01,33.7,9,2025
2015-10-15,4.12,0.02,143.9,9,2025
2015-10-16,4.11,-0.01,101.85,9,2025
2015-10-19,4.12,0.01,5.0,9,2025
2015-10-20,4.12,0.0,226.88,9,2025
2015-10-21,4.13,0.01,75.0,9,2025
2015-10-22,4.14,0.01,221.05,9,2025
2015-10-23,4.13,0.01,67.84,9,2025
2015-10-26,4.1,-0.03,671.12,9,2025
2015-10-27,4.07,-0.03,250.3,9,2025
2015-10-28,4.08,0.01,129.25,9,2025
2015-10-29,4.11,0.02,94.56,9,2025
2015-10-30,4.37,0.27,2.71,9,2025
2015-11-02,4.14,-0.23,21.28,9,2025
2015-11-03,4.15,0.02,176.2,9,2025
2015-11-04,4.14,-0.01,259.83,9,2025
2015-11-05,4.14,0.0,48.8,9,2025
2015-11-06,4.13,-0.01,268.34,9,2025
2015-11-09,4.1,-0.03,150.41,9,2025
2015-11-11,4.28,0.16,89.28,9,2025
2015-11-12,4.33,0.06,1648.36,9,2025
2015-11-13,4.33,0.0,115.42,9,2025
2015-11-16,4.35,0.02,56.3,9,2025
2015-11-17,4.33,-0.02,264.09,9,2025
2015-11-18,4.35,0.02,114.5,9,2025
2015-11-19,4.33,-0.01,866.65,9,2025
2015-11-20,4.26,-0.07,673.6,9,2025
2015-11-23,4.28,0.02,215.62,9,2025
2015-11-24,4.24,0.0,703.16,9,2025
2015-11-25,4.18,-0.06,1155.35,9,2025
2015-11-26,4.2,0.02,394.94,9,2025
2015-11-27,4.23,0.03,446.0,9,2025
2015-11-30,4.2,-0.03,180.78,9,2025
2015-12-01,4.19,-0.01,110.31,9,2025
2015-12-02,4.21,0.02,334.59,9,2025
2015-12-03,4.2,-0.01,146.08,9,2025
2015-12-04,4.21,0.02,99.1,9,2025
2015-12-07,4.21,0.0,80.3,9,2025
2015-12-08,4.23,0.02,65.9,9,2025
2015-12-09,4.24,0.01,27.57,9,2025
2015-12-10,4.26,0.03,112.38,9,2025
2015-12-11,4.34,0.08,130.0,9,2025
2015-12-14,4.36,0.02,210.0,9,2025
2015-12-15,4.37,0.01,422.8,9,2025
2015-12-16,4.33,-0.04,110.0,9,2025
2015-12-17,4.29,-0.04,183.1,9,2025
2015-12-18,4.24,-0.04,230.0,9,2025
2015-12-21,4.22,-0.02,60.4,9,2025
2015-12-22,4.22,0.0,18.91,9,2025
2015-12-23,4.22,0.0,2.5,9,2025
2015-12-28,4.23,0.01,85.18,9,2025
2015-12-29,4.22,-0.01,52.0,9,2025
2015-12-30,4.2,-0.02,126.0,9,2025
2015-12-31,4.19,-0.01,57.2,9,2025
2016-01-04,4.17,0.0,162.86,9,2025
2016-01-05,4.17,0.0,265.45,9,2025
2016-01-06,4.2,0.03,328.2,9,2025
2016-01-07,4.22,0.02,233.84,9,2025
2016-01-08,4.2,-0.02,375.41,9,2025
2016-01-11,4.21,0.02,385.44,9,2025
2016-01-12,4.22,0.01,295.8,9,2025
2016-01-13,4.2,-0.01,121.9,9,2025
2016-01-14,4.2,0.0,63.24,9,2025
2016-01-15,4.16,-0.04,310.0,9,2025
2016-01-18,4.15,-0.01,278.27,9,2025
2016-01-19,4.11,-0.04,652.0,9,2025
2016-01-20,4.04,-0.07,774.26,9,2025
2016-01-21,4.01,-0.03,1326.45,9,2025
2016-01-22,3.88,-0.13,1260.65,9,2025
2016-01-26,3.89,0.01,408.82,9,2025
2016-01-27,3.86,-0.03,345.97,9,2025
2016-01-28,3.86,0.0,263.91,9,2025
2016-01-29,3.85,-0.01,421.33,9,2025
2016-02-02,3.82,-0.03,529.71,9,2025
2016-02-03,3.94,0.12,442.56,9,2025
2016-02-04,3.94,0.0,851.86,9,2025
2016-02-05,3.98,0.04,572.0,9,2025
2016-02-10,3.96,-0.02,371.44,9,2025
2016-02-11,3.9,-0.06,926.5,9,2025
2016-02-12,3.93,0.03,697.97,9,2025
2016-02-15,3.91,-0.02,70.0,9,2025
2016-02-16,3.92,0.01,120.0,9,2025
2016-02-17,3.91,-0.01,545.64,9,2025
2016-02-18,3.9,-0.01,151.34,9,2025
2016-02-19,3.93,0.03,3.47,9,2025
2016-02-22,3.92,-0.01,32.5,9,2025
2016-02-23,3.93,0.01,175.55,9,2025
2016-02-24,3.95,0.02,588.75,9,2025
2016-02-25,3.94,-0.01,165.14,9,2025
2016-02-26,3.94,0.0,93.26,9,2025
2016-02-29,3.92,-0.02,252.3,9,2025
2016-03-01,3.91,-0.01,239.84,9,2025
2016-03-02,3.91,0.0,144.74,9,2025
2016-03-03,3.9,-0.01,156.26,9,2025
2016-03-04,3.9,-0.01,139.16,9,2025
2016-03-07,3.89,-0.01,115.01,9,2025
2016-03-08,3.89,0.0,76.76,9,2025
2016-03-09,3.9,0.0,2.1,9,2025
2016-03-10,3.89,-0.01,160.06,9,2025
2016-03-11,3.89,0.0,86.19,9,2025
2016-03-14,3.93,0.04,131.34,9,2025
2016-03-15,3.94,0.01,70.95,9,2025
2016-03-16,3.92,-0.02,48.87,9,2025
2016-03-17,3.88,-0.04,690.93,9,2025
2016-03-18,3.8,-0.08,311.16,9,2025
2016-03-21,3.84,0.03,144.8,9,2025
2016-03-22,3.83,-0.01,369.08,9,2025
2016-03-23,3.82,-0.01,41.61,9,2025
2016-03-24,3.86,0.02,145.85,9,2025
2016-03-25,3.82,-0.04,0.67,9,2025
2016-03-28,3.86,-0.27,20.0,9,2025
2016-03-29,3.85,-0.01,284.69,9,2025
2016-03-30,3.83,-0.02,849.58,9,2025
2016-03-31,3.78,-0.05,495.52,9,2025
2016-04-01,3.76,-0.02,317.66,9,2025
2016-04-04,3.77,0.01,192.12,9,2025
2016-04-05,3.79,0.02,12.42,9,2025
2016-04-06,3.8,0.01,83.9,9,2025
2016-04-07,3.81,0.01,136.35,9,2025
2016-04-08,3.81,0.0,131.2,9,2025
2016-04-11,3.78,-0.04,259.52,9,2025
2016-04-12,3.75,-0.03,676.17,9,2025
2016-04-13,3.75,0.0,330.21,9,2025
2016-04-14,3.77,0.02,2.7,9,2025
2016-04-15,3.77,0.0,101.57,9,2025
2016-04-18,3.76,-0.01,82.68,9,2025
2016-04-19,3.81,0.05,39.04,9,2025
2016-04-20,3.55,-0.25,456.54,9,2025
2016-04-21,3.78,0.23,60.0,9,2025
2016-04-22,3.79,0.01,13.3,9,2025
2016-04-25,3.81,0.01,52.0,9,2025
2016-04-26,3.87,0.09,182.12,9,2025
2016-04-27,3.88,0.01,110.0,9,2025
2016-04-28,3.9,0.02,231.82,9,2025
2016-04-29,3.88,-0.05,212.13,9,2025
2016-05-03,3.86,-0.02,320.97,9,2025
2016-05-04,3.88,0.02,91.99,9,2025
2016-05-05,3.9,0.01,111.51,9,2025
2016-05-06,3.88,0.01,181.58,9,2025
2016-05-09,3.9,0.0,1.28,9,2025
2016-05-10,3.92,0.02,90.5,9,2025
2016-05-11,3.89,-0.03,189.7,9,2025
2016-05-12,3.87,-0.02,220.33,9,2025
2016-05-13,3.86,-0.01,109.9,9,2025
2016-05-16,3.83,-0.24,210.78,9,2025
2016-05-17,3.84,0.01,280.0,9,2025
2016-05-18,3.83,-0.01,213.44,9,2025
2016-05-19,3.83,-0.01,144.54,9,2025
2016-05-20,3.83,0.0,78.9,9,2025
2016-05-23,3.83,0.0,22.63,9,2025
2016-05-24,3.91,3.91,440.3,11,2026
2016-05-25,3.92,0.02,282.14,11,2026
2016-05-26,3.9,-0.02,200.0,11,2026
2016-05-27,3.9,0.0,320.0,11,2026
2016-05-30,3.92,0.02,390.05,11,2026
2016-05-31,3.92,0.0,235.0,11,2026
2016-06-01,3.92,0.0,182.97,11,2026
2016-06-02,3.93,0.01,56.0,11,2026
2016-06-03,3.94,0.01,20.0,11,2026
2016-06-06,3.87,-0.07,450.0,11,2026
2016-06-07,3.88,0.01,270.0,11,2026
2016-06-08,3.89,0.01,141.57,11,2026
2016-06-09,3.87,-0.02,780.0,11,2026
2016-06-10,3.87,0.0,380.0,11,2026
2016-06-13,3.86,-0.01,168.8,11,2026
2016-06-14,3.88,0.02,367.74,11,2026
2016-06-15,3.88,0.0,80.0,11,2026
2016-06-16,3.88,0.0,280.45,11,2026
2016-06-17,3.88,0.0,10.0,11,2026
2016-06-20,3.89,0.01,33.0,11,2026
2016-06-21,3.87,-0.02,117.09,11,2026
2016-06-23,3.87,-0.01,345.0,11,2026
2016-06-24,3.89,0.02,650.0,11,2026
2016-06-27,3.86,-0.03,265.0,11,2026
2016-06-28,3.78,-0.08,620.95,11,2026
2016-06-29,3.73,-0.05,413.0,11,2026
2016-06-30,3.75,0.02,219.18,11,2026
2016-07-01,3.68,-0.07,531.33,11,2026
2016-07-04,3.69,0.01,240.0,11,2026
2016-07-05,3.68,-0.01,21.6,11,2026
2016-07-11,3.64,-0.03,440.25,11,2026
2016-07-12,3.66,0.02,60.0,11,2026
2016-07-13,3.57,-0.09,372.15,11,2026
2016-07-14,3.52,-0.05,395.3,11,2026
2016-07-15,3.58,1.06,110.0,11,2026
2016-07-18,3.57,-0.01,139.24,11,2026
2016-07-19,3.56,-0.01,13.6,11,2026
2016-07-20,3.55,0.0,30.0,11,2026
2016-07-21,3.63,0.08,63.0,11,2026
2016-07-22,3.65,0.02,172.84,11,2026
2016-07-25,3.62,-0.03,40.0,11,2026
2016-07-26,3.61,-0.01,80.0,11,2026
2016-07-28,3.6,-0.01,41.89,11,2026
2016-07-29,3.6,0.01,27.46,11,2026
2016-08-01,3.6,0.02,1.84,11,2026
2016-08-02,3.6,0.0,7.99,11,2026
2016-08-03,3.59,-0.01,30.0,11,2026
2016-08-05,3.62,0.03,9.27,11,2026
2016-08-08,3.66,0.04,20.16,11,2026
2016-08-09,3.64,-0.02,28.0,11,2026
2016-08-10,3.61,-0.03,50.47,11,2026
2016-08-11,3.6,-0.01,91.38,11,2026
2016-08-12,3.51,-0.09,504.78,11,2026
2016-08-15,3.48,-0.03,235.0,11,2026
2016-08-16,3.47,-0.01,136.7,11,2026
2016-08-17,3.47,0.0,95.0,11,2026
2016-08-18,3.5,0.03,80.0,11,2026
2016-08-19,3.52,0.02,2.55,11,2026
2016-08-22,3.53,0.01,10.0,11,2026
2016-08-23,3.53,0.0,9.0,11,2026
2016-08-24,3.53,0.0,0.17,11,2026
2016-08-25,3.56,0.03,1287.22,11,2026
2016-08-26,3.55,-0.01,222.0,11,2026
2016-08-30,3.59,0.04,141.0,11,2026
2016-09-01,3.58,-0.01,70.54,11,2026
2016-09-02,3.58,0.0,262.05,11,2026
2016-09-05,3.54,-0.04,300.5,11,2026
2016-09-06,3.52,-0.01,92.95,11,2026
2016-09-07,3.5,-0.02,782.39,11,2026
2016-09-08,3.51,0.01,296.1,11,2026
2016-09-09,3.53,0.02,222.7,11,2026
2016-09-13,3.56,0.03,70.5,11,2026
2016-09-14,3.54,-0.02,69.94,11,2026
2016-09-15,3.58,0.02,129.16,11,2026
2016-09-20,3.56,-0.02,8.16,11,2026
2016-09-21,3.58,0.02,25.0,11,2026
2016-09-22,3.54,-0.04,355.5,11,2026
2016-09-23,3.57,0.02,105.0,11,2026
2016-09-26,3.58,0.01,50.0,11,2026
2016-09-27,3.56,-0.02,45.0,11,2026
2016-09-28,3.55,-0.02,130.8,11,2026
2016-09-29,3.54,-0.01,50.0,11,2026
2016-09-30,3.55,0.01,127.26,11,2026
2016-10-04,3.53,-0.02,262.1,11,2026
2016-10-05,3.57,0.04,486.52,11,2026
2016-10-06,3.56,-0.01,42.83,11,2026
2016-10-07,3.58,0.02,214.6,11,2026
2016-10-10,3.57,-0.01,110.32,11,2026
2016-10-11,3.61,0.03,1.87,11,2026
2016-10-12,3.59,-0.02,39.0,11,2026
2016-10-13,3.66,0.07,208.07,11,2026
2016-10-14,3.66,0.0,67.64,11,2026
2016-10-17,3.61,0.02,10.0,11,2026
2016-10-18,3.6,-0.01,22.57,11,2026
2016-10-19,3.61,0.01,73.7,11,2026
2016-10-20,3.6,0.0,1.0,11,2026
2016-10-21,3.57,-0.03,140.39,11,2026
2016-10-24,3.59,0.02,20.0,11,2026
2016-10-25,3.57,-0.02,30.15,11,2026
2016-10-26,3.58,0.01,27.35,11,2026
2016-10-28,3.6,0.03,20.0,11,2026
2016-10-31,3.61,0.01,73.18,11,2026
2016-11-01,3.62,0.12,80.14,11,2026
2016-11-02,3.62,0.0,45.2,11,2026
2016-11-03,3.63,0.01,54.4,11,2026
2016-11-04,3.62,-0.01,20.5,11,2026
2016-11-08,3.65,0.03,10.0,11,2026
2016-11-09,3.67,0.02,6.8,11,2026
2016-11-10,3.78,0.11,210.49,11,2026
2016-11-11,3.94,0.16,32.0,11,2026
2016-11-14,4.13,0.19,225.5,11,2026
2016-11-15,4.23,0.1,107.36,11,2026
2016-11-16,4.21,0.08,72.21,11,2026
2016-11-17,4.33,0.12,373.14,11,2026
2016-11-18,4.4,0.07,147.82,11,2026
2016-11-21,4.4,0.0,96.38,11,2026
2016-11-22,4.3,-0.05,32.99,11,2026
2016-11-24,4.34,0.12,60.1,11,2026
2016-11-25,4.43,0.09,1.85,11,2026
2016-11-28,4.45,0.02,20.3,11,2026
2016-11-29,4.46,0.01,400.4,11,2026
2016-11-30,4.35,-0.11,50.0,11,2026
2016-12-01,4.35,0.0,240.14,11,2026
2016-12-02,4.36,0.01,322.0,11,2026
2016-12-05,4.25,-0.11,197.75,11,2026
2016-12-06,4.18,-0.07,90.0,11,2026
2016-12-07,4.18,0.0,136.5,11,2026
2016-12-08,4.09,-0.09,293.8,11,2026
2016-12-09,4.1,0.01,44.95,11,2026
2016-12-13,4.12,0.02,10.2,11,2026
2016-12-14,4.14,0.02,97.02,11,2026
2016-12-15,4.21,0.07,66.35,11,2026
2016-12-16,4.28,0.06,72.8,11,2026
2016-12-19,4.32,-0.03,121.8,11,2026
2016-12-20,4.28,-0.01,205.59,11,2026
2016-12-21,4.29,0.01,154.3,11,2026
2016-12-22,4.25,-0.01,100.0,11,2026
2016-12-23,4.25,0.0,200.0,11,2026
2016-12-27,4.21,-0.04,132.0,11,2026
2016-12-28,4.27,0.06,19.0,11,2026
2016-12-29,4.22,-0.05,5.77,11,2026
2016-12-30,4.22,0.0,13.65,11,2026
2017-01-03,4.25,0.03,91.13,11,2026
2017-01-04,4.23,-0.02,25.25,11,2026
2017-01-05,4.22,-0.01,25.0,11,2026
2017-01-06,4.22,0.0,72.2,11,2026
2017-01-09,4.22,0.0,80.05,11,2026
2017-01-10,4.26,0.04,199.93,11,2026
2017-01-11,4.28,0.02,85.29,11,2026
2017-01-12,4.24,-0.04,46.5,11,2026
2017-01-13,4.26,0.04,53.58,11,2026
2017-01-16,4.27,0.06,12.78,11,2026
2017-01-17,4.27,0.03,35.38,11,2026
2017-01-18,4.23,-0.04,70.04,11,2026
2017-01-19,4.28,0.05,62.88,11,2026
2017-01-20,4.21,-0.07,211.0,11,2026
2017-01-23,4.14,-0.07,350.0,11,2026
2017-01-24,4.1,-0.04,322.0,11,2026
2017-01-25,4.12,0.02,222.84,11,2026
2017-01-26,4.16,0.04,132.06,11,2026
2017-01-27,4.15,-0.01,0.75,11,2026
2017-01-31,4.14,-0.01,143.45,11,2026
2017-02-02,4.12,0.0,199.83,11,2026
2017-02-03,4.14,0.02,300.02,11,2026
2017-02-06,4.12,-0.02,190.22,11,2026
2017-02-07,4.1,-0.02,131.43,11,2026
2017-02-08,4.11,0.01,110.14,11,2026
2017-02-10,4.09,-0.02,10.53,11,2026
2017-02-13,4.12,0.03,73.2,11,2026
2017-02-14,4.11,-0.01,47.96,11,2026
2017-02-15,4.1,-0.01,169.05,11,2026
2017-02-16,4.09,-0.01,265.57,11,2026
2017-02-17,4.06,-0.01,378.4,11,2026
2017-02-20,4.02,-0.04,90.02,11,2026
2017-02-21,4.02,0.0,80.06,11,2026
2017-02-22,4.04,0.02,186.58,11,2026
2017-02-23,4.04,0.0,46.9,11,2026
2017-02-24,4.02,-0.02,373.85,11,2026
2017-02-27,4.03,0.01,50.6,11,2026
2017-02-28,4.04,0.01,104.8,11,2026
2017-03-01,4.1,0.02,360.01,11,2026
2017-03-02,4.16,0.06,282.15,11,2026
2017-03-03,4.15,-0.01,203.7,11,2026
2017-03-06,4.02,-0.13,96.9,11,2026
2017-03-07,4.09,-0.04,16.05,11,2026
2017-03-08,4.15,0.06,35.25,11,2026
2017-03-09,4.18,0.09,22.54,11,2026
2017-03-10,4.18,-0.02,70.89,11,2026
2017-03-13,4.18,0.03,23.92,11,2026
2017-03-14,4.14,0.0,136.88,11,2026
2017-03-15,4.15,-0.03,80.0,11,2026
2017-03-16,4.08,-0.07,294.95,11,2026
2017-03-17,4.07,-0.01,154.86,11,2026
2017-03-20,4.06,-0.01,156.1,11,2026
2017-03-21,4.06,0.01,81.36,11,2026
2017-03-22,4.05,-0.03,215.95,11,2026
2017-03-23,4.04,0.0,18.09,11,2026
2017-03-24,4.1,0.06,83.56,11,2026
2017-03-27,4.07,0.0,17.44,11,2026
2017-03-28,4.1,0.03,47.72,11,2026
2017-03-29,4.13,0.03,1.3,11,2026
2017-03-30,4.18,0.05,264.46,11,2026
2017-03-31,4.13,-0.05,48.38,11,2026
2017-04-03,4.15,0.02,109.5,11,2026
2017-04-04,4.12,-0.03,160.41,11,2026
2017-04-05,4.12,0.0,137.3,11,2026
2017-04-06,4.12,0.0,47.0,11,2026
2017-04-07,4.13,0.01,70.35,11,2026
2017-04-10,4.1,-0.03,20.07,11,2026
2017-04-11,4.14,0.04,20.5,11,2026
2017-04-12,4.12,-0.02,119.8,11,2026
2017-04-13,4.1,-0.02,295.29,11,2026
2017-04-14,4.1,0.0,86.25,11,2026
2017-04-17,4.09,-0.01,90.0,11,2026
2017-04-18,4.11,0.02,37.21,11,2026
2017-04-19,4.11,0.0,13.22,11,2026
2017-04-20,4.12,0.01,2.39,11,2026
2017-04-21,4.11,-0.01,86.07,11,2026
2017-04-25,4.08,-0.03,149.15,11,2026
2017-04-26,4.08,-0.07,254.39,11,2026
2017-04-27,4.07,-0.01,93.0,11,2026
2017-04-28,4.05,-0.02,267.56,11,2026
2017-05-02,3.98,-0.07,307.35,11,2026
2017-05-03,3.95,-0.03,181.74,11,2026
2017-05-04,3.96,0.01,310.84,11,2026
2017-05-05,3.96,0.0,81.3,11,2026
2017-05-08,3.94,-0.02,482.33,11,2026
2017-05-09,3.95,0.01,122.33,11,2026
2017-05-11,3.95,0.0,131.75,11,2026
2017-05-12,3.94,-0.01,83.54,11,2026
2017-05-15,3.91,-0.03,166.45,11,2026
2017-05-16,3.85,3.85,170.0,11,2027
2017-05-17,3.88,0.03,140.0,11,2027
2017-05-18,3.88,0.0,260.0,11,2027
2017-05-19,3.86,-0.02,150.0,11,2027
2017-05-22,3.87,0.01,150.0,11,2027
2017-05-23,3.86,-0.01,160.0,11,2027
2017-05-24,3.88,0.02,30.0,11,2027
2017-05-25,3.87,-0.01,20.0,11,2027
2017-05-30,3.89,0.02,28.0,11,2027
2017-05-31,3.87,-0.02,116.72,11,2027
2017-06-01,3.86,-0.01,13.9,11,2027
2017-06-05,3.87,0.01,137.2,11,2027
2017-06-07,3.87,0.0,272.52,11,2027
2017-06-08,3.86,-0.01,53.0,11,2027
2017-06-09,3.86,0.0,20.0,11,2027
2017-06-15,3.87,0.01,36.0,11,2027
2017-06-19,3.88,0.01,30.0,11,2027
2017-06-22,3.9,0.02,40.0,11,2027
2017-06-28,3.89,-0.01,1.5,11,2027
2017-06-29,3.9,0.01,3.0,11,2027
2017-06-30,3.91,0.01,85.1,11,2027
2017-07-03,4.01,0.1,290.63,11,2027
2017-07-04,3.96,-0.05,5.0,11,2027
2017-07-05,3.97,0.01,20.08,11,2027
2017-07-10,3.98,0.01,10.0,11,2027
2017-07-11,3.96,-0.02,10.0,11,2027
2017-07-12,3.97,0.01,2.0,11,2027
2017-07-13,3.97,0.0,2.6,11,2027
2017-07-17,3.96,-0.01,0.14,11,2027
2017-07-18,3.96,0.0,11.6,11,2027
2017-07-19,3.94,0.01,12.0,11,2027
2017-07-21,3.91,-0.03,40.0,11,2027
2017-07-24,3.92,0.01,4.7,11,2027
2017-07-25,3.97,0.05,30.0,11,2027
2017-07-26,3.99,0.02,101.0,11,2027
2017-07-27,3.98,-0.01,747.5,11,2027
2017-07-28,3.98,0.0,100.0,11,2027
2017-07-31,3.99,0.01,161.82,11,2027
2017-08-01,3.99,0.0,192.95,11,2027
2017-08-02,4.01,0.02,166.59,11,2027
2017-08-03,3.99,-0.02,13.06,11,2027
2017-08-04,3.99,0.0,67.0,11,2027
2017-08-07,3.99,0.0,80.0,11,2027
2017-08-09,3.98,-0.01,210.0,11,2027
2017-08-10,3.98,0.0,223.42,11,2027
2017-08-11,3.99,0.01,119.0,11,2027
2017-08-14,3.99,0.0,283.18,11,2027
2017-08-15,3.98,-0.01,30.0,11,2027
2017-08-16,3.99,0.01,70.7,11,2027
2017-08-17,3.99,0.0,312.78,11,2027
2017-08-18,3.98,-0.01,232.0,11,2027
2017-08-21,3.97,-0.01,350.6,11,2027
2017-08-22,3.96,-0.01,149.68,11,2027
2017-08-23,3.97,0.01,210.25,11,2027
2017-08-24,3.94,-0.03,355.0,11,2027
2017-08-25,3.93,-0.01,318.96,11,2027
2017-08-28,3.91,-0.02,38.0,11,2027
2017-08-29,3.9,-0.01,720.22,11,2027
2017-08-30,3.89,-0.01,553.23,11,2027
2017-09-05,3.87,-0.02,385.31,11,2027
2017-09-06,3.86,-0.01,304.82,11,2027
2017-09-07,3.85,-0.01,265.88,11,2027
2017-09-08,3.83,-0.02,318.27,11,2027
2017-09-12,3.86,0.03,145.0,11,2027
2017-09-13,3.85,-0.01,135.9,11,2027
2017-09-14,3.85,0.0,102.01,11,2027
2017-09-15,3.85,0.0,25.0,11,2027
2017-09-18,3.85,0.0,0.07,11,2027
2017-09-20,3.88,0.03,156.5,11,2027
2017-09-21,3.9,0.02,438.7,11,2027
2017-09-25,3.88,-0.02,69.95,11,2027
2017-09-26,3.86,-0.02,568.44,11,2027
2017-09-27,3.88,0.02,23.15,11,2027
2017-09-28,3.94,0.06,140.5,11,2027
2017-09-29,3.92,-0.02,56.99,11,2027
2017-10-02,3.96,0.04,138.03,11,2027
2017-10-03,3.94,-0.02,82.42,11,2027
2017-10-04,3.91,-0.03,279.0,11,2027
2017-10-05,3.9,-0.01,261.13,11,2027
2017-10-06,3.9,0.0,218.0,11,2027
2017-10-10,3.9,0.0,58.5,11,2027
2017-10-11,3.9,0.0,3.0,11,2027
2017-10-12,3.89,-0.01,10.0,11,2027
2017-10-16,3.89,0.0,17.93,11,2027
2017-10-17,3.89,0.0,30.0,11,2027
2017-10-19,3.91,0.02,4.0,11,2027
2017-10-23,3.96,0.05,12.82,11,2027
2017-10-25,4.0,0.04,1.33,11,2027
2017-10-26,4.0,0.05,2.63,11,2027
2017-10-27,4.05,0.05,27.5,11,2027
2017-10-30,4.02,-0.03,51.23,11,2027
2017-10-31,3.94,-0.08,232.24,11,2027
2017-11-01,3.95,0.05,109.03,11,2027
2017-11-02,4.0,0.05,32.68,11,2027
2017-11-03,3.96,-0.04,24.8,11,2027
2017-11-06,4.0,0.04,2.6,11,2027
2017-11-07,3.98,-0.02,9.7,11,2027
2017-11-09,4.07,0.09,93.69,11,2027
2017-11-10,4.06,-0.09,196.0,11,2027
2017-11-13,4.08,0.02,17.16,11,2027
2017-11-14,4.04,-0.04,100.0,11,2027
2017-11-15,4.01,-0.03,43.79,11,2027
2017-11-16,3.95,-0.06,41.0,11,2027
2017-11-17,3.98,0.03,13.8,11,2027
2017-11-20,3.96,-0.02,0.5,11,2027
2017-11-21,3.96,0.02,83.0,11,2027
2017-11-22,3.94,-0.02,164.1,11,2027
2017-11-23,3.91,-0.03,30.55,11,2027
2017-11-28,3.95,0.04,45.58,11,2027
2017-11-29,3.95,0.0,121.0,11,2027
2017-11-30,3.89,-0.06,519.83,11,2027
2017-12-04,3.85,-0.04,265.15,11,2027
2017-12-05,3.86,0.01,14.6,11,2027
2017-12-06,3.94,0.08,1007.57,11,2027
2017-12-07,3.95,0.01,17.8,11,2027
2017-12-08,3.96,0.01,175.0,11,2027
2017-12-11,3.96,-0.01,55.5,11,2027
2017-12-12,3.97,0.01,28.5,11,2027
2017-12-13,3.97,0.0,89.3,11,2027
2017-12-14,3.97,0.0,95.92,11,2027
2017-12-18,3.96,-0.01,67.59,11,2027
2017-12-19,3.95,-0.01,247.63,11,2027
2017-12-20,3.94,-0.01,414.95,11,2027
2017-12-21,3.95,0.01,202.49,11,2027
2017-12-22,3.95,0.0,0.4,11,2027
2017-12-26,3.94,-0.01,73.0,11,2027
2017-12-28,3.94,0.0,140.0,11,2027
2017-12-29,3.91,-0.03,222.77,11,2027
2018-01-02,3.9,-0.01,63.0,11,2027
2018-01-03,3.9,0.0,0.01,11,2027
2018-01-04,3.92,0.02,233.55,11,2027
2018-01-05,3.9,-0.02,330.11,11,2027
2018-01-08,3.84,-0.06,160.65,11,2027
2018-01-09,3.87,0.03,132.91,11,2027
2018-01-10,3.87,0.0,120.86,11,2027
2018-01-11,3.86,-0.01,189.93,11,2027
2018-01-12,3.86,0.0,366.38,11,2027
2018-01-15,3.84,-0.02,38.14,11,2027
2018-01-16,3.83,-0.01,0.22,11,2027
2018-01-17,3.84,0.01,31.32,11,2027
2018-01-18,3.91,0.07,38.86,11,2027
2018-01-19,3.93,0.02,334.73,11,2027
2018-01-22,3.94,0.01,25.24,11,2027
2018-01-23,3.92,-0.02,4.59,11,2027
2018-01-24,3.93,0.01,40.51,11,2027
2018-01-25,3.92,-0.01,123.93,11,2027
2018-01-26,3.89,-0.03,12.8,11,2027
2018-01-29,3.9,0.01,103.14,11,2027
2018-01-30,3.96,0.06,191.69,11,2027
2018-02-02,3.89,-0.07,208.47,11,2027
2018-02-05,3.95,0.06,102.52,11,2027
2018-02-06,3.95,0.0,102.46,11,2027
2018-02-07,3.96,0.01,11.5,11,2027
2018-02-08,3.95,-0.01,43.02,11,2027
2018-02-09,3.92,-0.03,350.45,11,2027
2018-02-12,3.94,0.02,111.63,11,2027
2018-02-13,3.97,-0.47,71.15,11,2027
2018-02-14,3.99,0.02,195.0,11,2027
2018-02-15,3.97,-0.02,204.9,11,2027
2018-02-19,4.01,0.04,91.42,11,2027
2018-02-20,4.03,0.02,192.45,11,2027
2018-02-21,4.04,0.01,102.39,11,2027
2018-02-22,4.06,0.02,56.93,11,2027
2018-02-23,4.08,0.02,48.5,11,2027
2018-02-26,4.05,-0.03,208.0,11,2027
2018-02-27,4.03,-0.02,1100.6,11,2027
2018-02-28,4.01,-0.02,305.77,11,2027
2018-03-01,4.01,-0.02,743.4,11,2027
2018-03-02,4.0,-0.01,187.1,11,2027
2018-03-05,4.01,0.01,73.0,11,2027
2018-03-06,4.0,-0.01,451.11,11,2027
2018-03-07,3.98,-0.02,485.01,11,2027
2018-03-08,3.99,0.01,92.33,11,2027
2018-03-09,3.98,-0.01,560.7,11,2027
2018-03-12,3.97,-0.01,75.95,11,2027
2018-03-13,3.96,-0.01,766.76,11,2027
2018-03-14,3.94,-0.02,370.0,11,2027
2018-03-15,3.93,-0.01,371.54,11,2027
2018-03-16,3.94,0.01,77.31,11,2027
2018-03-19,3.95,0.01,41.0,11,2027
2018-03-20,3.95,-0.05,178.19,11,2027
2018-03-21,3.96,0.01,21.6,11,2027
2018-03-22,3.94,-0.02,12.76,11,2027
2018-03-23,3.92,-0.02,38.8,11,2027
2018-03-26,3.94,0.02,33.05,11,2027
2018-03-27,3.95,0.01,85.13,11,2027
2018-03-28,3.94,-0.01,620.0,11,2027
2018-03-29,3.95,0.01,235.43,11,2027
2018-03-30,3.94,-0.01,11.27,11,2027
2018-04-02,3.95,0.01,141.91,11,2027
2018-04-03,3.95,0.0,39.65,11,2027
2018-04-04,3.94,-0.01,591.77,11,2027
2018-04-05,3.95,0.01,166.95,11,2027
2018-04-06,3.95,0.0,63.37,11,2027
2018-04-09,3.95,0.0,20.0,11,2027
2018-04-10,3.96,0.01,191.01,11,2027
2018-04-11,3.97,0.01,7.0,11,2027
2018-04-12,4.0,0.03,362.2,11,2027
2018-04-13,4.0,0.0,160.3,11,2027
2018-04-16,4.01,0.01,300.18,11,2027
2018-04-17,4.0,-0.01,14.27,11,2027
2018-04-18,4.02,0.02,61.43,11,2027
2018-04-19,4.01,-0.01,57.46,11,2027
2018-04-20,4.04,0.03,139.32,11,2027
2018-04-23,4.15,0.11,718.3,11,2027
2018-04-24,4.18,0.03,269.64,11,2027
2018-04-25,4.18,0.18,144.74,11,2027
2018-04-26,4.21,0.03,140.71,11,2027
2018-04-27,4.16,-0.05,226.0,11,2027
2018-04-30,4.13,-0.03,60.07,11,2027
2018-05-02,4.16,0.03,216.17,11,2027
2018-05-03,4.12,-0.04,347.4,11,2027
2018-05-04,4.11,-0.01,53.87,11,2027
2018-05-07,4.12,0.01,23.9,11,2027
2018-05-08,4.16,0.04,1.92,11,2027
2018-05-14,4.16,0.0,493.13,11,2027
2018-05-15,4.16,0.0,175.66,11,2027
2018-05-16,4.2,0.04,270.72,11,2027
2018-05-17,4.21,0.01,75.77,11,2027
2018-05-18,4.17,-0.04,322.7,11,2027
2018-05-21,4.21,0.04,67.7,11,2027
2018-05-22,4.22,0.01,188.93,11,2027
2018-05-23,4.22,0.0,131.0,11,2027
2018-05-24,4.23,4.23,130.0,6,2028
2018-05-25,4.26,0.03,140.0,6,2028
2018-05-28,4.25,-0.01,20.0,6,2028
2018-05-30,4.25,0.0,40.0,6,2028
2018-05-31,4.18,-0.07,282.5,6,2028
2018-06-01,4.2,0.02,160.34,6,2028
2018-06-04,4.18,-0.02,120.0,6,2028
2018-06-05,4.18,0.0,70.0,6,2028
2018-06-06,4.2,0.02,90.0,6,2028
2018-06-07,4.2,0.0,40.0,6,2028
2018-06-08,4.23,0.03,200.0,6,2028
2018-06-12,4.23,0.0,60.0,6,2028
2018-06-13,4.22,-0.01,140.0,6,2028
2018-06-14,4.19,-0.03,22.0,6,2028
2018-06-19,4.22,0.03,150.0,6,2028
2018-06-20,4.21,-0.01,61.4,6,2028
2018-06-21,4.22,0.01,3.25,6,2028
2018-06-25,4.21,-0.01,206.0,6,2028
2018-06-26,4.2,-0.01,64.1,6,2028
2018-06-27,4.21,0.01,75.1,6,2028
2018-06-28,4.21,0.0,113.0,6,2028
2018-06-29,4.2,-0.01,67.47,6,2028
2018-07-02,4.2,0.0,1.43,6,2028
2018-07-03,4.19,-0.01,0.5,6,2028
2018-07-04,4.16,-0.03,680.0,6,2028
2018-07-05,4.15,-0.01,267.09,6,2028
2018-07-06,4.11,-0.04,260.0,6,2028
2018-07-09,4.09,-0.02,188.1,6,2028
2018-07-10,4.07,-0.02,581.9,6,2028
2018-07-11,4.07,0.0,423.04,6,2028
2018-07-13,4.11,0.04,119.6,6,2028
2018-07-16,4.11,0.0,10.0,6,2028
2018-07-17,4.1,-0.01,150.0,6,2028
2018-07-18,4.1,0.0,391.86,6,2028
2018-07-20,4.05,-0.05,320.0,6,2028
2018-07-23,4.06,-0.01,160.23,6,2028
2018-07-24,4.07,0.01,343.06,6,2028
2018-07-25,4.08,0.01,170.0,6,2028
2018-07-26,4.07,-0.01,21.5,6,2028
2018-07-27,4.07,0.0,61.07,6,2028
2018-07-30,4.08,0.01,58.8,6,2028
2018-07-31,4.07,-0.01,274.08,6,2028
2018-08-01,4.06,-0.01,209.5,6,2028
2018-08-02,4.02,-0.04,127.2,6,2028
2018-08-03,4.03,0.01,51.5,6,2028
2018-08-06,4.04,0.01,80.0,6,2028
2018-08-08,4.04,0.0,140.0,6,2028
2018-08-09,4.04,0.0,229.7,6,2028
2018-08-10,4.03,-0.01,16.23,6,2028
2018-08-13,4.06,0.03,50.0,6,2028
2018-08-14,4.05,-0.01,120.0,6,2028
2018-08-15,4.06,0.01,41.2,6,2028
2018-08-16,4.06,0.0,21.06,6,2028
2018-08-17,4.06,0.0,244.23,6,2028
2018-08-20,4.04,-0.02,76.34,6,2028
2018-08-21,4.02,-0.02,240.0,6,2028
2018-08-23,4.02,-0.01,90.16,6,2028
2018-08-24,4.03,0.01,153.54,6,2028
2018-08-28,4.03,0.0,60.0,6,2028
2018-08-29,4.03,0.0,60.0,6,2028
2018-08-30,4.04,0.01,20.2,6,2028
2018-09-03,4.05,0.01,115.5,6,2028
2018-09-04,4.1,0.05,265.6,6,2028
2018-09-05,4.15,0.05,260.0,6,2028
2018-09-06,4.16,0.01,33.31,6,2028
2018-09-12,4.15,-0.01,32.68,6,2028
2018-09-13,4.11,-0.04,99.59,6,2028
2018-09-14,4.1,-0.01,1.2,6,2028
2018-09-18,4.11,0.01,30.12,6,2028
2018-09-19,4.12,0.01,43.43,6,2028
2018-09-20,4.09,-0.03,628.27,6,2028
2018-09-21,4.1,0.01,130.59,6,2028
2018-09-24,4.09,-0.01,20.0,6,2028
2018-09-25,4.11,0.02,10.0,6,2028
2018-09-26,4.1,-0.01,10.75,6,2028
2018-09-27,4.09,-0.01,265.68,6,2028
2018-09-28,4.07,-0.02,470.49,6,2028
2018-10-01,4.08,0.01,43.07,6,2028
2018-10-02,4.07,-0.01,227.92,6,2028
2018-10-04,4.13,0.06,265.65,6,2028
2018-10-05,4.1,-0.03,70.12,6,2028
2018-10-08,4.1,0.0,18.86,6,2028
2018-10-09,4.12,0.02,38.0,6,2028
2018-10-10,4.13,0.01,69.0,6,2028
2018-10-11,4.13,0.0,105.2,6,2028
2018-10-12,4.13,0.0,3.6,6,2028
2018-10-15,4.12,-0.01,27.64,6,2028
2018-10-17,4.13,0.01,25.5,6,2028
2018-10-18,4.13,0.0,29.5,6,2028
2018-10-19,4.15,0.02,207.0,6,2028
2018-10-22,4.16,0.01,10.0,6,2028
2018-10-23,4.15,-0.01,52.39,6,2028
2018-10-24,4.15,0.0,8.58,6,2028
2018-10-25,4.16,0.01,21.5,6,2028
2018-10-26,4.18,0.02,23.08,6,2028
2018-10-29,4.16,-0.02,65.0,6,2028
2018-10-30,4.16,0.0,137.57,6,2028
2018-10-31,4.08,-0.08,709.57,6,2028
2018-11-01,4.09,0.01,438.09,6,2028
2018-11-02,4.06,-0.03,111.24,6,2028
2018-11-05,4.09,0.03,60.7,6,2028
2018-11-07,4.15,0.01,22.52,6,2028
2018-11-08,4.08,-0.07,238.86,6,2028
2018-11-09,4.1,0.02,11.0,6,2028
2018-11-12,4.13,0.03,16.84,6,2028
2018-11-15,4.15,0.02,84.3,6,2028
2018-11-16,4.15,0.0,64.22,6,2028
2018-11-19,4.15,0.0,122.36,6,2028
2018-11-21,4.16,0.01,20.88,6,2028
2018-11-22,4.17,0.01,62.0,6,2028
2018-11-23,4.13,-0.04,11.06,6,2028
2018-11-26,4.16,0.03,10.4,6,2028
2018-11-27,4.15,-0.01,45.68,6,2028
2018-11-28,4.16,0.01,37.0,6,2028
2018-11-29,4.14,-0.02,77.5,6,2028
2018-11-30,4.12,-0.02,119.81,6,2028
2018-12-03,4.09,-0.03,179.65,6,2028
2018-12-04,4.07,-0.01,530.25,6,2028
2018-12-05,4.07,0.0,28.65,6,2028
2018-12-06,4.07,0.0,183.75,6,2028
2018-12-07,4.08,0.01,61.91,6,2028
2018-12-10,4.08,0.0,0.9,6,2028
2018-12-11,4.09,0.01,60.0,6,2028
2018-12-12,4.09,0.0,1.46,6,2028
2018-12-17,4.1,0.01,7.9,6,2028
2018-12-18,4.1,0.0,6.9,6,2028
2018-12-19,4.07,-0.02,112.75,6,2028
2018-12-21,4.09,0.02,44.72,6,2028
2018-12-26,4.09,0.0,0.23,6,2028
2018-12-27,4.09,0.0,90.0,6,2028
2018-12-28,4.08,-0.01,27.56,6,2028
2018-12-31,4.07,-0.01,132.4,6,2028
2019-01-02,4.06,-0.01,180.35,6,2028
2019-01-03,4.06,0.0,93.9,6,2028
2019-01-04,4.08,0.02,280.6,6,2028
2019-01-07,4.07,-0.01,553.14,6,2028
2019-01-08,4.07,0.0,166.61,6,2028
2019-01-09,4.08,0.01,65.4,6,2028
2019-01-10,4.06,-0.02,223.78,6,2028
2019-01-11,4.06,0.0,203.0,6,2028
2019-01-14,4.06,0.0,162.19,6,2028
2019-01-15,4.06,0.0,381.25,6,2028
2019-01-16,4.06,0.0,112.15,6,2028
2019-01-17,4.06,0.0,111.56,6,2028
2019-01-18,4.04,-0.02,78.96,6,2028
2019-01-24,4.07,0.03,50.68,6,2028
2019-01-25,4.07,0.0,78.55,6,2028
2019-01-28,4.07,0.0,28.02,6,2028
2019-01-29,4.07,0.0,261.2,6,2028
2019-01-30,4.07,0.0,140.0,6,2028
2019-01-31,4.06,-0.01,331.08,6,2028
2019-02-04,4.03,-0.03,518.21,6,2028
2019-02-07,4.0,-0.03,376.56,6,2028
2019-02-08,3.99,-0.01,304.8,6,2028
2019-02-11,3.96,-0.03,204.9,6,2028
2019-02-12,3.97,0.01,297.58,6,2028
2019-02-13,3.96,-0.01,185.75,6,2028
2019-02-14,3.93,-0.03,642.41,6,2028
2019-02-15,3.88,3.88,140.0,8,2029
2019-02-18,3.89,0.01,46.0,8,2029
2019-02-19,3.88,-0.01,92.6,8,2029
2019-02-20,3.89,0.01,200.0,8,2029
2019-02-21,3.89,0.0,20.0,8,2029
2019-02-22,3.89,0.0,5.0,8,2029
2019-02-25,3.89,0.0,15.0,8,2029
2019-02-27,3.89,0.0,93.71,8,2029
2019-02-28,3.89,0.0,48.9,8,2029
2019-03-01,3.9,0.01,44.17,8,2029
2019-03-05,3.89,-0.01,84.9,8,2029
2019-03-06,3.87,-0.02,150.4,8,2029
2019-03-07,3.87,0.0,352.0,8,2029
2019-03-08,3.86,-0.01,460.0,8,2029
2019-03-12,3.86,0.0,60.0,8,2029
2019-03-13,3.85,-0.01,350.3,8,2029
2019-03-14,3.84,-0.01,150.0,8,2029
2019-03-15,3.83,-0.01,55.0,8,2029
2019-03-18,3.82,-0.01,0.6,8,2029
2019-03-21,3.8,-0.02,116.25,8,2029
2019-03-22,3.8,0.0,180.0,8,2029
2019-03-25,3.78,-0.02,2.69,8,2029
2019-03-26,3.81,0.01,42.3,8,2029
2019-03-27,3.78,-0.03,542.0,8,2029
2019-03-28,3.75,-0.03,548.1,8,2029
2019-03-29,3.77,0.02,40.47,8,2029
2019-04-01,3.77,0.0,279.77,8,2029
2019-04-02,3.79,0.02,217.5,8,2029
2019-04-03,3.77,-0.02,90.15,8,2029
2019-04-04,3.76,-0.01,190.0,8,2029
2019-04-05,3.76,0.0,26.8,8,2029
2019-04-08,3.78,0.02,50.0,8,2029
2019-04-09,3.79,0.01,761.28,8,2029
2019-04-10,3.78,-0.01,69.1,8,2029
2019-04-11,3.77,-0.01,100.0,8,2029
2019-04-12,3.78,0.01,279.7,8,2029
2019-04-15,3.78,0.0,144.08,8,2029
2019-04-16,3.81,0.03,208.79,8,2029
2019-04-17,3.87,0.06,264.39,8,2029
2019-04-18,3.94,0.07,60.0,8,2029
2019-04-22,3.91,-0.03,10.0,8,2029
2019-04-23,3.86,-0.05,128.69,8,2029
2019-04-24,3.84,-0.02,114.46,8,2029
2019-04-25,3.78,-0.06,197.5,8,2029
2019-04-26,3.77,-0.01,190.64,8,2029
2019-04-29,3.78,0.01,291.21,8,2029
2019-04-30,3.79,0.01,42.26,8,2029
2019-05-02,3.81,0.02,77.53,8,2029
2019-05-03,3.8,-0.01,166.51,8,2029
2019-05-06,3.79,-0.01,10.55,8,2029
2019-05-07,3.76,-0.03,310.75,8,2029
2019-05-08,3.78,0.02,341.31,8,2029
2019-05-09,3.8,0.02,23.03,8,2029
2019-05-10,3.8,0.0,11.6,8,2029
2019-05-13,3.77,-0.03,0.18,8,2029
2019-05-15,3.83,0.06,58.46,8,2029
2019-05-16,3.81,-0.02,343.0,8,2029
2019-05-17,3.81,0.0,20.0,8,2029
2019-05-21,3.81,0.0,3.4,8,2029
2019-05-23,3.83,0.02,1055.54,8,2029
2019-05-24,3.81,-0.02,306.72,8,2029
2019-05-28,3.81,0.0,210.05,8,2029
2019-05-29,3.81,0.0,70.0,8,2029
2019-05-30,3.81,0.0,223.0,8,2029
2019-05-31,3.78,-0.03,276.96,8,2029
2019-06-03,3.77,-0.01,308.47,8,2029
2019-06-04,3.73,-0.04,189.4,8,2029
2019-06-07,3.67,-0.06,121.98,8,2029
2019-06-10,3.71,0.04,250.5,8,2029
2019-06-11,3.72,0.01,17.65,8,2029
2019-06-12,3.73,0.01,100.0,8,2029
2019-06-13,3.73,0.0,164.0,8,2029
2019-06-14,3.71,-0.02,386.9,8,2029
2019-06-17,3.71,0.0,200.5,8,2029
2019-06-18,3.7,-0.01,260.87,8,2029
2019-06-19,3.69,-0.01,91.2,8,2029
2019-06-20,3.64,-0.05,676.31,8,2029
2019-06-21,3.65,0.01,106.0,8,2029
2019-06-24,3.68,0.03,123.0,8,2029
2019-06-25,3.65,-0.03,568.5,8,2029
2019-06-26,3.65,0.0,52.39,8,2029
2019-06-27,3.65,0.0,185.43,8,2029
2019-06-28,3.63,-0.02,267.74,8,2029
2019-07-01,3.64,0.01,60.66,8,2029
2019-07-02,3.63,-0.01,90.0,8,2029
2019-07-03,3.62,-0.01,358.58,8,2029
2019-07-04,3.62,0.0,190.0,8,2029
2019-07-05,3.62,0.0,240.95,8,2029
2019-07-08,3.63,0.01,89.73,8,2029
2019-07-09,3.63,0.0,234.93,8,2029
2019-07-10,3.64,0.01,41.54,8,2029
2019-07-11,3.62,-0.02,237.09,8,2029
2019-07-12,3.61,-0.01,562.56,8,2029
2019-07-15,3.61,0.0,106.49,8,2029
2019-07-16,3.62,0.01,221.5,8,2029
2019-07-17,3.63,0.01,7.67,8,2029
2019-07-18,3.61,-0.02,377.2,8,2029
2019-07-19,3.6,-0.01,91.5,8,2029
2019-07-22,3.61,0.01,2.35,8,2029
2019-07-23,3.61,0.0,10.61,8,2029
2019-07-24,3.59,-0.02,15.19,8,2029
2019-07-25,3.6,0.01,427.34,8,2029
2019-07-26,3.59,-0.01,22.32,8,2029
2019-07-29,3.58,-0.01,199.8,8,2029
2019-07-31,3.57,-0.01,75.32,8,2029
2019-08-01,3.61,0.04,85.58,8,2029
2019-08-02,3.57,-0.04,147.11,8,2029
2019-08-05,3.56,-0.01,66.5,8,2029
2019-08-06,3.57,0.01,53.22,8,2029
2019-08-07,3.5,-0.07,325.98,8,2029
2019-08-08,3.47,-0.02,210.9,8,2029
2019-08-09,3.43,-0.04,320.0,8,2029
2019-08-13,3.44,0.01,2.9,8,2029
2019-08-14,3.42,-0.02,60.2,8,2029
2019-08-15,3.26,-0.16,674.2,8,2029
2019-08-16,3.19,-0.07,438.56,8,2029
2019-08-19,3.27,0.08,321.35,8,2029
2019-08-20,3.37,0.1,20.0,8,2029
2019-08-21,3.35,-0.02,275.27,8,2029
2019-08-22,3.36,0.01,169.19,8,2029
2019-08-23,3.38,0.02,47.76,8,2029
2019-08-27,3.31,-0.07,92.34,8,2029
2019-08-28,3.3,-0.01,140.31,8,2029
2019-08-29,3.29,-0.01,48.85,8,2029
2019-08-30,3.32,0.03,7.67,8,2029
2019-09-03,3.29,-0.03,187.7,8,2029
2019-09-04,3.29,0.0,72.96,8,2029
2019-09-05,3.29,0.0,113.16,8,2029
2019-09-06,3.33,0.04,233.23,8,2029
2019-09-10,3.4,0.07,262.24,8,2029
2019-09-11,3.34,-0.06,182.03,8,2029
2019-09-12,3.3,-0.04,249.18,8,2029
2019-09-13,3.32,0.04,4.0,8,2029
2019-09-17,3.35,0.03,51.17,8,2029
2019-09-18,3.35,0.0,29.84,8,2029
2019-09-19,3.43,0.09,76.69,8,2029
2019-09-20,3.42,-0.01,198.1,8,2029
2019-09-23,3.48,0.06,76.47,8,2029
2019-09-24,3.5,0.02,50.0,8,2029
2019-09-25,3.43,-0.07,53.6,8,2029
2019-09-26,3.4,-0.03,90.3,8,2029
2019-09-27,3.38,-0.02,3.0,8,2029
2019-09-30,3.32,-0.06,44.17,8,2029
2019-10-01,3.26,-0.06,150.89,8,2029
2019-10-02,3.29,0.03,166.63,8,2029
2019-10-03,3.26,-0.03,60.29,8,2029
2019-10-04,3.28,0.02,9.2,8,2029
2019-10-07,3.42,0.14,1190.34,8,2029
2019-10-08,3.39,-0.03,596.48,8,2029
2019-10-09,3.39,0.0,445.23,8,2029
2019-10-10,3.4,0.01,576.93,8,2029
2019-10-11,3.41,0.01,51.19,8,2029
2019-10-14,3.42,0.01,175.67,8,2029
2019-10-15,3.41,-0.01,421.65,8,2029
2019-10-16,3.41,0.0,99.07,8,2029
2019-10-17,3.41,0.0,203.53,8,2029
2019-10-18,3.42,0.01,489.16,8,2029
2019-10-21,3.41,-0.01,35.1,8,2029
2019-10-22,3.42,0.01,33.87,8,2029
2019-10-23,3.42,0.0,1.36,8,2029
2019-10-24,3.44,0.02,33.12,8,2029
2019-10-25,3.46,0.02,34.4,8,2029
2019-10-29,3.44,-0.02,124.28,8,2029
2019-10-30,3.46,0.02,114.74,8,2029
2019-10-31,3.41,-0.05,188.73,8,2029
2019-11-01,3.39,-0.02,216.08,8,2029
2019-11-04,3.42,0.03,112.29,8,2029
2019-11-05,3.44,0.02,131.76,8,2029
2019-11-06,3.45,0.01,161.02,8,2029
2019-11-07,3.47,0.02,101.45,8,2029
2019-11-08,3.41,-0.06,245.92,8,2029
2019-11-11,3.39,-0.02,356.21,8,2029
2019-11-12,3.44,0.05,371.18,8,2029
2019-11-13,3.44,0.0,60.8,8,2029
2019-11-14,3.43,-0.01,113.96,8,2029
2019-11-15,3.43,0.0,106.34,8,2029
2019-11-18,3.42,-0.01,20.22,8,2029
2019-11-19,3.42,0.0,3.72,8,2029
2019-11-20,3.42,0.0,115.91,8,2029
2019-11-21,3.41,-0.01,23.68,8,2029
2019-11-22,3.41,0.0,141.05,8,2029
2019-11-25,3.42,0.01,125.0,8,2029
2019-11-26,3.43,0.01,49.18,8,2029
2019-11-27,3.43,0.0,20.25,8,2029
2019-11-28,3.43,0.0,146.25,8,2029
2019-11-29,3.42,-0.01,2.33,8,2029
2019-12-02,3.43,0.01,26.07,8,2029
2019-12-03,3.44,0.01,5.24,8,2029
2019-12-04,3.44,0.0,248.64,8,2029
2019-12-05,3.41,-0.03,37.47,8,2029
2019-12-06,3.44,0.03,18.18,8,2029
2019-12-09,3.43,-0.01,94.96,8,2029
2019-12-10,3.41,-0.02,362.38,8,2029
2019-12-11,3.44,0.03,21.04,8,2029
2019-12-12,3.43,-0.01,92.73,8,2029
2019-12-13,3.44,0.01,34.13,8,2029
2019-12-16,3.44,0.0,4.8,8,2029
2019-12-17,3.41,-0.03,202.48,8,2029
2019-12-18,3.39,-0.02,118.64,8,2029
2019-12-19,3.38,-0.01,102.9,8,2029
2019-12-20,3.37,-0.01,3.87,8,2029
2019-12-23,3.38,0.01,20.0,8,2029
2019-12-24,3.36,-0.02,40.5,8,2029
2019-12-27,3.32,-0.04,18.0,8,2029
2019-12-30,3.3,-0.02,0.7,8,2029
2019-12-31,3.3,0.0,25.05,8,2029
2020-01-02,3.3,0.0,152.5,8,2029
2020-01-03,3.29,-0.01,100.0,8,2029
2020-01-06,3.27,-0.02,121.2,8,2029
2020-01-07,3.27,0.0,122.68,8,2029
2020-01-08,3.24,-0.03,301.73,8,2029
2020-01-09,3.28,0.04,6.34,8,2029
2020-01-10,3.27,-0.01,47.25,8,2029
2020-01-13,3.28,0.01,43.25,8,2029
2020-01-14,3.29,0.01,4.45,8,2029
2020-01-15,3.28,-0.01,273.05,8,2029
2020-01-16,3.28,0.0,156.64,8,2029
2020-01-17,3.29,0.01,166.89,8,2029
2020-01-20,3.28,-0.01,60.0,8,2029
2020-01-21,3.29,0.01,113.22,8,2029
2020-01-22,3.17,-0.12,411.55,8,2029
2020-01-23,3.16,-0.01,471.2,8,2029
2020-01-24,3.15,-0.01,38.42,8,2029
2020-01-28,3.16,0.01,160.35,8,2029
2020-01-29,3.15,-0.01,239.75,8,2029
2020-01-30,3.13,-0.02,229.33,8,2029
2020-01-31,3.13,0.0,210.34,8,2029
2020-02-03,3.12,-0.01,56.49,8,2029
2020-02-04,3.12,0.0,371.85,8,2029
2020-02-05,3.1,-0.02,1014.98,8,2029
2020-02-06,3.12,0.02,219.5,8,2029
2020-02-07,3.09,-0.03,261.3,8,2029
2020-02-10,3.0,-0.09,312.87,8,2029
2020-02-11,2.96,-0.04,174.0,8,2029
2020-02-12,2.87,-0.09,93.48,8,2029
2020-02-13,2.89,0.02,533.78,8,2029
2020-02-14,2.87,-0.02,490.91,8,2029
2020-02-17,2.88,0.01,67.11,8,2029
2020-02-18,2.9,0.02,279.5,8,2029
2020-02-19,2.89,-0.01,397.66,8,2029
2020-02-20,2.94,0.05,607.69,8,2029
2020-02-21,2.9,-0.04,1047.46,8,2029
2020-02-24,3.01,0.11,1748.82,8,2029
2020-02-25,2.89,-0.12,1046.25,8,2029
2020-02-26,2.85,-0.04,466.45,8,2029
2020-02-27,2.84,-0.01,164.0,8,2029
2020-02-28,2.82,-0.02,520.4,8,2029
2020-03-02,2.78,-0.04,190.96,8,2029
2020-03-03,2.79,0.01,311.52,8,2029
2020-03-04,2.75,-0.04,119.15,8,2029
2020-03-05,2.76,0.01,348.18,8,2029
2020-03-06,2.78,0.02,921.16,8,2029
2020-03-09,2.87,0.09,499.84,8,2029
2020-03-10,2.88,0.01,833.67,8,2029
2020-03-11,2.9,0.02,220.95,8,2029
2020-03-12,3.04,0.14,561.26,8,2029
2020-03-13,3.17,0.13,752.21,8,2029
2020-03-16,3.12,-0.05,103.72,8,2029
2020-03-17,3.32,0.24,244.51,8,2029
2020-03-18,3.25,-0.07,850.39,8,2029
2020-03-19,3.54,0.29,367.53,8,2029
2020-03-20,3.51,-0.11,117.42,8,2029
2020-03-23,3.58,0.22,93.11,8,2029
2020-03-24,3.56,-0.02,153.19,8,2029
2020-03-25,3.57,0.01,17.45,8,2029
2020-03-26,3.47,-0.07,31.71,8,2029
2020-03-27,3.39,-0.08,131.55,8,2029
2020-03-30,3.37,-0.02,118.89,8,2029
2020-03-31,3.35,-0.02,373.63,8,2029
2020-04-01,3.33,-0.02,352.61,8,2029
2020-04-02,3.38,0.05,74.34,8,2029
2020-04-03,3.35,-0.03,142.45,8,2029
2020-04-06,3.35,0.0,197.38,8,2029
2020-04-07,3.38,0.03,15.35,8,2029
2020-04-08,3.38,0.0,16.52,8,2029
2020-04-09,3.36,-0.02,32.06,8,2029
2020-04-10,3.37,0.01,3.52,8,2029
2020-04-13,3.37,0.0,0.4,8,2029
2020-04-14,3.32,-0.05,165.2,8,2029
2020-04-15,3.13,-0.19,545.69,8,2029
2020-04-16,3.06,-0.16,230.0,8,2029
2020-04-17,2.92,-0.14,456.99,8,2029
2020-04-20,2.94,0.02,30.5,8,2029
2020-04-21,2.9,-0.04,118.48,8,2029
2020-04-22,2.93,0.0,283.32,8,2029
2020-04-23,2.93,0.0,741.01,8,2029
2020-04-24,2.87,-0.06,443.82,8,2029
2020-04-27,2.87,0.0,212.89,8,2029
2020-04-28,2.9,0.03,375.0,8,2029
2020-04-29,2.87,-0.03,302.1,8,2029
2020-04-30,2.89,0.02,438.49,8,2029
2020-05-04,2.85,-0.04,947.31,8,2029
2020-05-05,2.77,-0.08,413.46,8,2029
2020-05-06,2.79,0.02,343.55,8,2029
2020-05-08,2.82,0.03,173.41,8,2029
2020-05-12,2.84,0.02,158.53,8,2029
2020-05-13,2.87,0.03,294.62,8,2029
2020-05-14,2.89,0.02,250.32,8,2029
2020-05-15,2.87,-0.02,195.65,8,2029
2020-05-18,2.87,0.0,233.31,8,2029
2020-05-19,2.87,0.0,182.67,8,2029
2020-05-20,2.84,-0.03,679.26,8,2029
2020-05-21,2.82,-0.02,1127.24,8,2029
2020-05-22,2.8,-0.02,441.61,8,2029
2020-05-27,2.82,0.02,537.93,8,2029
2020-05-28,2.81,-0.01,542.26,8,2029
2020-05-29,2.8,-0.01,263.7,8,2029
2020-06-01,2.82,0.02,401.05,8,2029
2020-06-02,2.84,0.02,527.7,8,2029
2020-06-03,2.85,0.01,368.93,8,2029
2020-06-04,2.91,0.06,846.21,8,2029
2020-06-05,2.96,0.05,359.78,8,2029
2020-06-09,3.07,0.11,430.59,8,2029
2020-06-10,3.01,-0.06,550.63,8,2029
2020-06-11,2.92,-0.09,337.2,8,2029
2020-06-12,2.91,-0.01,322.05,8,2029
2020-06-15,2.91,0.0,131.23,8,2029
2020-06-16,2.92,0.01,190.21,8,2029
2020-06-17,2.91,-0.01,379.29,8,2029
2020-06-18,2.91,0.0,56.23,8,2029
2020-06-19,2.87,-0.04,143.84,8,2029
2020-06-22,2.87,0.0,125.51,8,2029
2020-06-23,2.9,0.03,80.8,8,2029
2020-06-24,2.89,-0.01,130.01,8,2029
2020-06-25,2.86,-0.03,597.44,8,2029
2020-06-26,2.87,0.01,119.96,8,2029
2020-06-29,2.9,0.02,8.7,8,2029
2020-06-30,2.86,-0.04,301.14,8,2029
2020-07-01,2.84,-0.02,240.09,8,2029
2020-07-02,2.8,-0.04,432.6,8,2029
2020-07-03,2.81,0.01,76.04,8,2029
2020-07-06,2.79,-0.02,513.48,8,2029
2020-07-07,2.74,-0.05,470.3,8,2029
2020-07-08,2.68,-0.1,528.87,8,2029
2020-07-09,2.63,-0.05,496.94,8,2029
2020-07-10,2.64,0.01,347.7,8,2029
2020-07-13,2.65,0.01,10.58,8,2029
2020-07-14,2.67,0.02,73.72,8,2029
2020-07-15,2.66,-0.01,304.54,8,2029
2020-07-16,2.64,-0.02,354.01,8,2029
2020-07-17,2.63,-0.01,2.46,8,2029
2020-07-20,2.64,0.01,0.43,8,2029
2020-07-21,2.63,-0.01,149.85,8,2029
2020-07-22,2.62,-0.01,343.62,8,2029
2020-07-23,2.6,-0.02,479.2,8,2029
2020-07-24,2.6,0.0,346.37,8,2029
2020-07-27,2.61,0.01,238.79,8,2029
2020-07-28,2.6,-0.01,194.13,8,2029
2020-07-29,2.58,-0.02,396.61,8,2029
2020-07-30,2.55,-0.03,321.46,8,2029
2020-08-03,2.49,-0.06,250.02,8,2029
2020-08-04,2.45,-0.04,199.12,8,2029
2020-08-05,2.4,-0.05,368.24,8,2029
2020-08-06,2.41,0.01,136.03,8,2029
2020-08-07,2.45,0.04,275.4,8,2029
2020-08-10,2.56,0.11,195.65,8,2029
2020-08-11,2.49,-0.07,530.0,8,2029
2020-08-12,2.5,0.01,690.11,8,2029
2020-08-13,2.49,-0.01,514.53,8,2029
2020-08-14,2.49,0.0,705.76,8,2029
2020-08-17,2.5,0.01,155.09,8,2029
2020-08-18,2.48,-0.02,275.29,8,2029
2020-08-19,2.5,0.02,283.44,8,2029
2020-08-21,2.5,0.0,548.61,8,2029
2020-08-24,2.51,0.01,386.7,8,2029
2020-08-25,2.51,0.0,268.54,8,2029
2020-08-26,2.57,0.06,153.27,8,2029
2020-08-27,2.55,-0.02,324.43,8,2029
2020-08-28,2.6,0.05,273.36,8,2029
2020-09-01,2.57,-0.03,112.41,8,2029
2020-09-02,2.55,-0.02,372.37,8,2029
2020-09-03,2.56,0.01,372.65,8,2029
2020-09-04,2.56,0.0,240.6,8,2029
2020-09-07,2.56,0.0,120.0,8,2029
2020-09-08,2.58,0.02,77.29,8,2029
2020-09-09,2.57,-0.01,158.02,8,2029
2020-09-10,2.61,0.04,322.0,8,2029
2020-09-11,2.62,0.01,116.35,8,2029
2020-09-14,2.61,-0.01,68.56,8,2029
2020-09-15,2.62,0.01,169.58,8,2029
2020-09-17,2.68,0.06,9.67,8,2029
2020-09-18,2.67,-0.01,214.24,8,2029
2020-09-21,2.67,0.0,239.94,8,2029
2020-09-22,2.66,-0.01,217.51,8,2029
2020-09-23,2.69,0.03,49.39,8,2029
2020-09-24,2.72,0.03,45.3,8,2029
2020-09-25,2.72,0.0,152.7,8,2029
2020-09-28,2.71,-0.01,76.28,8,2029
2020-09-29,2.7,-0.01,330.52,8,2029
2020-09-30,2.67,-0.03,483.86,8,2029
2020-10-01,2.69,0.02,73.88,8,2029
2020-10-02,2.61,-0.08,223.38,8,2029
2020-10-05,2.65,0.04,34.7,8,2029
2020-10-06,2.64,-0.01,223.25,8,2029
2020-10-07,2.63,-0.01,104.46,8,2029
2020-10-08,2.63,0.0,198.77,8,2029
2020-10-09,2.64,0.01,57.71,8,2029
2020-10-12,2.66,0.02,32.06,8,2029
2020-10-13,2.66,0.0,5.5,8,2029
2020-10-14,2.63,-0.03,106.87,8,2029
2020-10-15,2.58,2.58,181.68,4,2031
2020-10-16,2.59,0.01,115.72,4,2031
2020-10-19,2.59,0.0,74.22,4,2031
2020-10-20,2.59,0.0,84.25,4,2031
2020-10-21,2.6,0.01,135.0,4,2031
2020-10-22,2.61,0.01,82.12,4,2031
2020-10-23,2.63,0.02,72.1,4,2031
2020-10-26,2.65,0.02,170.0,4,2031
2020-10-27,2.65,0.0,75.0,4,2031
2020-10-28,2.63,-0.02,80.0,4,2031
2020-10-30,2.62,-0.01,282.86,4,2031
2020-11-02,2.63,0.01,79.16,4,2031
2020-11-03,2.7,0.07,170.12,4,2031
2020-11-04,2.69,-0.01,19.85,4,2031
2020-11-05,2.68,-0.01,310.38,4,2031
2020-11-06,2.64,-0.04,232.99,4,2031
2020-11-09,2.56,-0.08,482.58,4,2031
2020-11-10,2.66,0.1,514.46,4,2031
2020-11-11,2.67,0.01,53.47,4,2031
2020-11-12,2.68,0.01,22.25,4,2031
2020-11-13,2.64,-0.04,295.77,4,2031
2020-11-16,2.66,0.02,92.4,4,2031
2020-11-17,2.68,0.02,125.06,4,2031
2020-11-18,2.65,-0.03,165.0,4,2031
2020-11-19,2.65,0.0,51.53,4,2031
2020-11-20,2.66,0.01,8.0,4,2031
2020-11-23,2.65,-0.01,69.5,4,2031
2020-11-24,2.65,0.0,133.03,4,2031
2020-11-25,2.65,0.0,58.47,4,2031
2020-11-26,2.68,0.03,52.33,4,2031
2020-11-27,2.71,0.03,50.9,4,2031
2020-11-30,2.75,0.04,52.86,4,2031
2020-12-01,2.73,-0.02,106.23,4,2031
2020-12-02,2.73,0.0,68.45,4,2031
2020-12-03,2.7,-0.03,17.05,4,2031
2020-12-04,2.69,-0.01,38.76,4,2031
2020-12-07,2.69,0.0,4.74,4,2031
2020-12-08,2.74,0.05,116.3,4,2031
2020-12-09,2.75,0.01,68.56,4,2031
2020-12-10,2.74,-0.01,0.71,4,2031
2020-12-14,2.74,0.0,13.62,4,2031
2020-12-15,2.73,-0.01,98.75,4,2031
2020-12-16,2.72,-0.01,2.29,4,2031
2020-12-17,2.69,-0.03,77.27,4,2031
2020-12-18,2.73,0.04,24.04,4,2031
2020-12-21,2.67,-0.06,60.0,4,2031
2020-12-22,2.67,0.0,9.3,4,2031
2020-12-23,2.69,0.02,21.42,4,2031
2020-12-24,2.69,0.0,1.6,4,2031
2020-12-28,2.67,-0.02,20.24,4,2031
2020-12-29,2.68,0.01,63.53,4,2031
2020-12-30,2.65,-0.03,1.07,4,2031
2020-12-31,2.65,0.0,100.85,4,2031
2021-01-04,2.59,-0.06,243.58,4,2031
2021-01-05,2.58,0.0,160.72,4,2031
2021-01-06,2.58,0.0,209.28,4,2031
2021-01-07,2.64,0.06,139.0,4,2031
2021-01-08,2.67,0.1,5.65,4,2031
2021-01-11,2.66,-0.01,0.75,4,2031
2021-01-12,2.71,0.05,78.97,4,2031
2021-01-13,2.64,-0.07,8.13,4,2031
2021-01-14,2.63,-0.01,36.9,4,2031
2021-01-15,2.63,0.0,124.15,4,2031
2021-01-18,2.65,0.03,2.49,4,2031
2021-01-20,2.71,0.06,40.0,4,2031
2021-01-21,2.72,0.01,495.65,4,2031
2021-01-22,2.73,0.01,168.3,4,2031
2021-01-25,2.71,-0.02,271.04,4,2031
2021-01-26,2.71,0.0,140.73,4,2031
2021-01-27,2.71,0.0,49.57,4,2031
2021-01-29,2.7,-0.01,179.26,4,2031
2021-02-02,2.71,0.01,91.69,4,2031
2021-02-03,2.72,0.01,265.9,4,2031
2021-02-04,2.75,0.02,508.55,4,2031
2021-02-05,2.76,0.01,577.56,4,2031
2021-02-08,2.76,0.0,190.94,4,2031
2021-02-09,2.81,0.05,677.17,4,2031
2021-02-10,2.79,-0.02,52.18,4,2031
2021-02-11,2.78,-0.01,109.99,4,2031
2021-02-15,2.78,0.0,56.98,4,2031
2021-02-16,2.95,0.17,117.3,4,2031
2021-02-17,2.99,0.04,290.54,4,2031
2021-02-18,2.99,0.0,567.08,4,2031
2021-02-19,2.99,0.0,339.14,4,2031
2021-02-22,2.99,0.0,298.53,4,2031
2021-02-23,2.97,0.05,75.0,4,2031
2021-02-24,2.98,0.01,152.95,4,2031
2021-02-25,3.01,0.03,84.0,4,2031
2021-02-26,3.08,0.07,232.21,4,2031
2021-03-01,3.05,-0.03,90.54,4,2031
2021-03-02,3.05,0.0,2.21,4,2031
2021-03-03,3.09,0.04,21.3,4,2031
2021-03-04,3.11,0.02,9.32,4,2031
2021-03-05,3.29,0.18,212.95,4,2031
2021-03-08,3.38,0.09,307.41,4,2031
2021-03-09,3.39,0.01,235.0,4,2031
2021-03-10,3.31,-0.08,87.09,4,2031
2021-03-11,3.16,-0.15,0.71,4,2031
2021-03-12,3.41,0.25,280.69,4,2031
2021-03-15,3.49,0.15,113.2,4,2031
2021-03-16,3.46,-0.03,236.61,4,2031
2021-03-17,3.43,-0.03,76.57,4,2031
2021-03-18,3.42,-0.01,63.17,4,2031
2021-03-19,3.45,0.03,4.82,4,2031
2021-03-22,3.44,-0.01,23.43,4,2031
2021-03-23,3.43,-0.01,30.71,4,2031
2021-03-24,3.39,-0.04,206.4,4,2031
2021-03-25,3.35,-0.04,105.27,4,2031
2021-03-26,3.33,-0.02,94.18,4,2031
2021-03-29,3.3,-0.03,8.97,4,2031
2021-03-30,3.32,0.03,131.27,4,2031
2021-03-31,3.24,-0.08,223.92,4,2031
2021-04-01,3.24,-0.03,22.24,4,2031
2021-04-02,3.15,-0.09,77.5,4,2031
2021-04-05,3.17,0.02,30.0,4,2031
2021-04-06,3.12,-0.05,140.0,4,2031
2021-04-07,3.08,-0.04,230.24,4,2031
2021-04-08,3.06,-0.02,139.81,4,2031
2021-04-09,3.04,-0.02,235.12,4,2031
2021-04-12,3.05,0.01,74.41,4,2031
2021-04-13,3.11,0.06,0.16,4,2031
2021-04-14,3.08,-0.03,16.1,4,2031
2021-04-16,3.06,-0.02,11.02,4,2031
2021-04-19,3.05,-0.01,0.41,4,2031
2021-04-20,3.09,0.04,5.02,4,2031
2021-04-22,3.07,-0.02,64.8,4,2031
2021-04-23,3.1,0.03,20.0,4,2031
2021-04-26,3.15,0.05,157.82,4,2031
2021-04-27,3.14,-0.01,9.7,4,2031
2021-04-28,3.19,0.05,3.23,4,2031
2021-04-30,3.11,-0.08,99.16,4,2031
2021-05-03,3.11,0.0,24.82,4,2031
2021-05-04,3.11,0.0,5.8,4,2031
2021-05-05,3.03,-0.08,772.08,4,2031
2021-05-06,3.08,0.05,54.24,4,2031
2021-05-07,3.08,0.0,36.0,4,2031
2021-05-10,3.09,0.01,55.76,4,2031
2021-05-11,3.1,0.01,145.96,4,2031
2021-05-12,3.14,0.04,0.15,4,2031
2021-05-17,3.14,3.14,35.27,4,2031
2021-05-18,3.21,0.07,102.86,4,2031
2021-05-19,3.21,0.0,120.33,4,2031
2021-05-20,3.2,-0.01,1.18,4,2031
2021-05-21,3.21,0.01,200.5,4,2031
2021-05-24,3.19,-0.02,420.54,4,2031
2021-05-25,3.2,-0.01,8.08,4,2031
2021-05-27,3.2,0.0,88.67,4,2031
2021-05-28,3.2,0.0,168.28,4,2031
2021-05-31,3.23,0.03,173.92,4,2031
2021-06-01,3.23,0.0,17.9,4,2031
2021-06-02,3.2,-0.03,164.15,4,2031
2021-06-03,3.27,0.07,32.25,4,2031
2021-06-04,3.24,-0.03,128.8,4,2031
2021-06-08,3.32,0.08,837.54,4,2031
2021-06-09,3.3,-0.02,563.69,4,2031
2021-06-10,3.28,-0.02,186.0,4,2031
2021-06-11,3.24,-0.04,146.56,4,2031
2021-06-14,3.25,0.01,25.25,4,2031
2021-06-15,3.29,0.04,187.7,4,2031
2021-06-16,3.27,-0.02,414.7,4,2031
2021-06-17,3.35,0.08,1232.76,4,2031
2021-06-18,3.28,-0.07,174.48,4,2031
2021-06-21,3.26,-0.02,321.71,4,2031
2021-06-22,3.3,0.04,22.91,4,2031
2021-06-23,3.28,-0.02,224.8,4,2031
2021-06-24,3.29,0.01,6.63,4,2031
2021-06-25,3.29,0.0,118.52,4,2031
2021-06-28,3.29,0.0,121.0,4,2031
2021-06-29,3.33,0.04,771.0,4,2031
2021-06-30,3.28,-0.05,311.42,4,2031
2021-07-01,3.27,-0.01,261.68,4,2031
2021-07-02,3.23,-0.04,376.72,4,2031
2021-07-05,3.19,-0.04,305.6,4,2031
2021-07-06,3.19,0.0,25.0,4,2031
2021-07-07,3.14,-0.05,177.7,4,2031
2021-07-08,3.15,0.01,420.83,4,2031
2021-07-09,3.2,0.05,492.43,4,2031
2021-07-12,3.27,0.1,421.9,4,2031
2021-07-13,3.24,-0.03,183.5,4,2031
2021-07-14,3.25,0.01,117.7,4,2031
2021-07-15,3.22,-0.03,662.66,4,2031
2021-07-16,3.2,-0.02,884.32,4,2031
2021-07-19,3.14,-0.06,670.0,4,2031
2021-07-21,3.1,-0.04,366.99,4,2031
2021-07-22,3.12,-0.1,75.41,4,2031
2021-07-26,3.13,0.01,55.9,4,2031
2021-07-27,3.16,0.03,46.97,4,2031
2021-07-28,3.17,0.01,23.8,4,2031
2021-07-29,3.16,-0.01,86.09,4,2031
2021-07-30,3.17,0.01,10.85,4,2031
2021-08-02,3.17,0.0,52.25,4,2031
2021-08-03,3.17,0.0,1.0,4,2031
2021-08-04,3.17,0.0,55.23,4,2031
2021-08-05,3.19,0.02,25.12,4,2031
2021-08-06,3.23,0.04,2.0,4,2031
2021-08-09,3.23,0.0,60.0,4,2031
2021-08-11,3.23,0.0,41.04,4,2031
2021-08-12,3.24,0.01,161.39,4,2031
2021-08-13,3.21,-0.03,148.51,4,2031
2021-08-16,3.21,0.0,18.56,4,2031
2021-08-17,3.21,0.0,15.0,4,2031
2021-08-18,3.24,0.03,94.72,4,2031
2021-08-19,3.23,-0.01,71.56,4,2031
2021-08-20,3.22,-0.01,19.38,4,2031
2021-08-23,3.22,0.0,1.79,4,2031
2021-08-24,3.23,0.01,4.5,4,2031
2021-08-25,3.24,0.01,120.16,4,2031
2021-08-26,3.25,0.01,82.03,4,2031
2021-08-27,3.23,-0.02,198.47,4,2031
2021-08-30,3.19,-0.04,18.9,4,2031
2021-09-01,3.2,0.01,133.13,4,2031
2021-09-02,3.2,0.0,38.57,4,2031
2021-09-03,3.19,-0.01,20.0,4,2031
2021-09-06,3.22,0.03,30.51,4,2031
2021-09-08,3.22,0.0,42.59,4,2031
2021-09-09,3.22,0.0,61.35,4,2031
2021-09-10,3.24,0.02,20.0,4,2031
2021-09-13,3.25,0.01,42.46,4,2031
2021-09-14,3.3,0.05,63.99,4,2031
2021-09-15,3.3,0.0,863.82,4,2031
2021-09-17,3.32,0.02,249.15,4,2031
2021-09-20,3.35,0.03,151.2,4,2031
2021-09-21,3.36,0.01,193.93,4,2031
2021-09-22,3.36,0.0,0.9,4,2031
2021-09-23,3.35,-0.01,322.86,4,2031
2021-09-24,3.39,0.04,418.31,4,2031
2021-09-27,3.41,0.02,536.21,4,2031
2021-09-28,3.44,0.03,243.58,4,2031
2021-09-29,3.41,-0.03,324.6,4,2031
2021-09-30,3.37,-0.04,635.85,4,2031
2021-10-01,3.38,0.01,267.86,4,2031
2021-10-04,3.38,0.0,141.4,4,2031
2021-10-05,3.45,0.07,194.19,4,2031
2021-10-06,3.58,0.13,331.67,4,2031
2021-10-07,3.59,0.09,577.0,4,2031
2021-10-08,3.63,0.04,474.21,4,2031
2021-10-11,3.67,0.04,481.61,4,2031
2021-10-12,3.62,-0.05,585.53,4,2031
2021-10-13,3.57,-0.05,148.27,4,2031
2021-10-14,3.53,-0.04,123.9,4,2031
2021-10-15,3.55,0.02,161.68,4,2031
2021-10-18,3.56,0.01,3.0,4,2031
2021-10-20,3.61,0.05,110.3,4,2031
2021-10-21,3.6,-0.01,114.42,4,2031
2021-10-22,3.63,0.03,70.0,4,2031
2021-10-25,3.61,-0.02,11.97,4,2031
2021-10-26,3.59,-0.02,63.18,4,2031
2021-10-27,3.58,-0.01,179.6,4,2031
2021-10-29,3.58,0.0,92.5,4,2031
2021-11-01,3.64,0.06,58.64,4,2031
2021-11-02,3.64,0.0,20.91,4,2031
2021-11-05,3.57,-0.07,214.56,4,2031
2021-11-08,3.53,-0.04,150.19,4,2031
2021-11-09,3.5,-0.03,37.81,4,2031
2021-11-10,3.52,0.02,237.94,4,2031
2021-11-11,3.56,0.04,143.53,4,2031
2021-11-12,3.57,0.01,270.0,4,2031
2021-11-15,3.52,-0.05,32.16,4,2031
2021-11-16,3.57,0.05,183.55,4,2031
2021-11-17,3.57,0.0,52.45,4,2031
2021-11-18,3.58,0.01,65.45,4,2031
2021-11-19,3.54,-0.04,148.69,4,2031
2021-11-22,3.55,0.01,45.44,4,2031
2021-11-23,3.58,0.03,27.5,4,2031
2021-11-24,3.56,-0.02,105.63,4,2031
2021-11-25,3.56,0.0,29.0,4,2031
2021-11-26,3.54,-0.02,29.5,4,2031
2021-11-29,3.52,-0.02,10.98,4,2031
2021-11-30,3.51,-0.01,89.93,4,2031
2021-12-01,3.52,0.01,80.85,4,2031
2021-12-02,3.54,0.02,140.84,4,2031
2021-12-03,3.54,0.0,84.14,4,2031
2021-12-06,3.51,-0.03,176.7,4,2031
2021-12-07,3.53,0.02,67.25,4,2031
2021-12-08,3.53,0.0,108.82,4,2031
2021-12-09,3.55,0.02,2.29,4,2031
2021-12-10,3.54,-0.01,25.55,4,2031
2021-12-13,3.57,0.03,73.21,4,2031
2021-12-14,3.57,0.0,112.68,4,2031
2021-12-15,3.58,0.01,20.89,4,2031
2021-12-16,3.58,0.0,31.77,4,2031
2021-12-17,3.55,-0.03,84.15,4,2031
2021-12-20,3.52,-0.03,178.78,4,2031
2021-12-21,3.53,0.01,1.46,4,2031
2021-12-22,3.53,0.0,61.39,4,2031
2021-12-23,3.55,0.02,30.1,4,2031
2021-12-24,3.55,0.0,0.92,4,2031
2021-12-28,3.62,0.07,5.58,4,2031
2021-12-29,3.58,-0.04,2.52,4,2031
2021-12-30,3.58,0.0,73.24,4,2031
2021-12-31,3.6,0.02,131.69,4,2031
2022-01-03,3.59,-0.01,68.35,4,2031
2022-01-04,3.62,0.03,447.4,4,2031
2022-01-05,3.62,0.0,334.28,4,2031
2022-01-06,3.66,0.04,607.71,4,2031
2022-01-07,3.65,-0.01,920.13,4,2031
2022-01-10,3.68,0.03,70.0,4,2031
2022-01-11,3.66,-0.02,151.09,4,2031
2022-01-12,3.65,-0.01,45.96,4,2031
2022-01-13,3.64,-0.01,320.08,4,2031
2022-01-14,3.59,-0.05,165.16,7,2032
2022-01-17,3.61,0.02,190.0,7,2032
2022-01-19,3.71,0.1,780.0,7,2032
2022-01-20,3.68,-0.03,430.0,7,2032
2022-01-21,3.67,-0.01,161.16,7,2032
2022-01-24,3.69,0.02,60.0,7,2032
2022-01-25,3.69,0.0,120.0,7,2032
2022-01-26,3.67,-0.02,140.0,7,2032
2022-01-27,3.7,0.03,142.5,7,2032
2022-01-28,3.68,-0.02,220.0,7,2032
2022-01-31,3.68,0.0,10.15,7,2032
2022-02-03,3.66,-0.02,314.35,7,2032
2022-02-04,3.66,0.0,42.15,7,2032
2022-02-07,3.72,0.06,22.0,7,2032
2022-02-08,3.71,-0.01,199.81,7,2032
2022-02-09,3.7,-0.01,50.0,7,2032
2022-02-10,3.68,-0.02,110.5,7,2032
2022-02-11,3.7,0.02,82.3,7,2032
2022-02-14,3.7,0.0,50.0,7,2032
2022-02-15,3.7,0.0,50.0,7,2032
2022-02-16,3.67,-0.03,190.0,7,2032
2022-02-17,3.65,-0.02,254.22,7,2032
2022-02-18,3.65,0.0,323.0,7,2032
2022-02-21,3.66,0.01,77.0,7,2032
2022-02-22,3.66,0.0,170.0,7,2032
2022-02-23,3.66,0.0,67.0,7,2032
2022-02-24,3.66,0.0,100.0,7,2032
2022-02-25,3.67,0.01,60.0,7,2032
2022-02-28,3.67,0.0,559.44,7,2032
2022-03-01,3.67,0.0,316.15,7,2032
2022-03-02,3.66,-0.01,466.22,7,2032
2022-03-03,3.67,0.01,325.5,7,2032
2022-03-04,3.65,-0.02,770.39,7,2032
2022-03-07,3.64,-0.01,30.0,7,2032
2022-03-08,3.67,0.03,171.0,7,2032
2022-03-09,3.67,0.0,90.5,7,2032
2022-03-10,3.67,0.0,178.09,7,2032
2022-03-11,3.67,0.0,36.85,7,2032
2022-03-14,3.68,0.01,45.0,7,2032
2022-03-15,3.69,0.01,240.39,7,2032
2022-03-16,3.68,-0.01,30.0,7,2032
2022-03-17,3.7,0.02,274.37,7,2032
2022-03-18,3.69,-0.01,98.32,7,2032
2022-03-21,3.7,0.01,148.75,7,2032
2022-03-22,3.74,0.04,158.0,7,2032
2022-03-23,3.76,0.02,184.0,7,2032
2022-03-24,3.82,0.06,170.7,7,2032
2022-03-25,3.87,0.05,190.0,7,2032
2022-03-28,3.96,0.09,471.23,7,2032
2022-03-29,3.94,-0.02,50.0,7,2032
2022-03-30,3.9,-0.04,153.81,7,2032
2022-03-31,3.85,-0.05,46.17,7,2032
2022-04-01,3.9,0.05,177.38,7,2032
2022-04-04,3.93,0.03,75.26,7,2032
2022-04-05,3.94,0.01,100.0,7,2032
2022-04-06,4.03,0.09,130.0,7,2032
2022-04-08,4.0,-0.03,110.0,7,2032
2022-04-11,3.99,-0.01,26.45,7,2032
2022-04-12,4.09,0.1,52.4,7,2032
2022-04-13,4.06,-0.03,27.6,7,2032
2022-04-14,4.05,-0.01,17.0,7,2032
2022-04-15,4.09,0.04,11.16,7,2032
2022-04-18,4.13,0.04,69.31,7,2032
2022-04-20,4.2,0.07,17.86,7,2032
2022-04-21,4.13,-0.07,30.0,7,2032
2022-04-22,4.18,0.05,73.33,7,2032
2022-04-25,4.25,0.07,80.68,7,2032
2022-04-26,4.25,0.0,8.0,7,2032
2022-04-27,4.29,0.04,54.5,7,2032
2022-04-28,4.44,0.15,96.22,7,2032
2022-04-29,4.38,-0.06,168.35,7,2032
2022-05-05,4.32,-0.06,14.36,7,2032
2022-05-06,4.38,0.06,216.17,7,2032
2022-05-09,4.34,-0.04,48.06,7,2032
2022-05-10,4.36,0.02,40.77,7,2032
2022-05-11,4.44,0.08,97.0,7,2032
2022-05-12,4.45,0.01,25.2,7,2032
2022-05-13,4.45,0.0,39.34,7,2032
2022-05-17,4.45,0.0,27.94,7,2032
2022-05-18,4.38,-0.07,64.55,7,2032
2022-05-19,4.4,0.02,40.0,7,2032
2022-05-20,4.32,-0.08,32.06,7,2032
2022-05-23,4.24,-0.08,956.2,7,2032
2022-05-24,4.22,-0.02,806.94,7,2032
2022-05-25,4.13,-0.09,334.23,7,2032
2022-05-26,4.12,-0.01,160.25,7,2032
2022-05-27,4.14,0.02,292.0,7,2032
2022-05-30,4.13,-0.01,649.47,7,2032
2022-05-31,4.17,0.04,167.9,7,2032
2022-06-01,4.21,0.04,274.22,7,2032
2022-06-02,4.23,0.02,85.13,7,2032
2022-06-03,4.21,-0.02,111.05,7,2032
2022-06-07,4.27,0.06,41.83,7,2032
2022-06-08,4.21,-0.06,159.8,7,2032
2022-06-09,4.22,0.01,23.4,7,2032
2022-06-10,4.24,0.02,35.25,7,2032
2022-06-13,4.4,0.16,60.0,7,2032
2022-06-14,4.39,-0.01,153.23,7,2032
2022-06-15,4.33,-0.06,290.8,7,2032
2022-06-16,4.36,0.03,160.45,7,2032
2022-06-17,4.34,-0.02,62.54,7,2032
2022-06-21,4.32,-0.02,5.42,7,2032
2022-06-22,4.29,-0.03,119.76,7,2032
2022-06-23,4.2,-0.09,417.5,7,2032
2022-06-24,4.21,0.01,491.12,7,2032
2022-06-27,4.24,0.03,125.0,7,2032
2022-06-28,4.24,0.0,171.22,7,2032
2022-06-29,4.25,0.01,68.57,7,2032
2022-06-30,4.26,0.01,188.77,7,2032
2022-07-01,4.22,-0.04,283.66,7,2032
2022-07-04,4.23,0.01,38.76,7,2032
2022-07-05,4.2,-0.03,71.3,7,2032
2022-07-06,4.13,-0.07,310.7,7,2032
2022-07-07,4.16,0.03,70.21,7,2032
2022-07-08,4.14,-0.02,183.35,7,2032
2022-07-12,4.07,-0.07,799.57,7,2032
2022-07-13,4.04,-0.03,230.3,7,2032
2022-07-14,4.07,0.03,336.48,7,2032
2022-07-15,4.06,-0.01,1.65,7,2032
2022-07-18,3.99,-0.07,247.7,7,2032
2022-07-19,4.05,0.06,34.76,7,2032
2022-07-20,4.06,0.01,115.01,7,2032
2022-07-21,4.03,-0.03,141.0,7,2032
2022-07-22,4.01,-0.02,248.12,7,2032
2022-07-25,3.96,-0.05,77.39,7,2032
2022-07-26,3.93,-0.03,0.45,7,2032
2022-07-27,3.97,0.04,41.8,7,2032
2022-07-28,3.94,-0.03,140.51,7,2032
2022-07-29,3.88,-0.06,420.97,7,2032
2022-08-01,3.9,0.02,86.72,7,2032
2022-08-02,3.89,-0.01,157.72,7,2032
2022-08-03,3.95,0.06,13.03,7,2032
2022-08-04,3.95,0.0,120.45,7,2032
2022-08-05,3.93,-0.02,20.0,7,2032
2022-08-08,3.96,0.03,127.5,7,2032
2022-08-09,3.94,-0.02,238.48,7,2032
2022-08-10,3.97,0.03,30.33,7,2032
2022-08-11,3.95,-0.02,161.0,7,2032
2022-08-12,3.98,0.03,157.82,7,2032
2022-08-15,3.94,-0.04,7.12,7,2032
2022-08-16,3.95,0.01,37.72,7,2032
2022-08-17,3.96,0.01,27.32,7,2032
2022-08-18,3.96,0.0,66.7,7,2032
2022-08-19,3.96,0.0,20.0,7,2032
2022-08-22,3.98,0.02,160.1,7,2032
2022-08-23,3.99,0.01,36.13,7,2032
2022-08-24,3.98,-0.01,30.0,7,2032
2022-08-25,3.96,-0.02,52.6,7,2032
2022-08-26,3.96,0.0,86.91,7,2032
2022-08-29,4.02,0.06,315.58,7,2032
2022-08-30,3.98,-0.04,364.79,7,2032
2022-09-01,4.0,0.02,230.45,7,2032
2022-09-02,4.03,0.03,180.1,7,2032
2022-09-05,4.03,0.0,197.5,7,2032
2022-09-06,4.03,0.0,0.28,7,2032
2022-09-07,4.11,0.08,354.27,7,2032
2022-09-08,4.05,-0.06,123.11,7,2032
2022-09-09,4.03,-0.02,35.2,7,2032
2022-09-12,4.06,0.03,20.03,7,2032
2022-09-13,4.02,-0.04,116.73,7,2032
2022-09-14,4.11,0.07,180.0,7,2032
2022-09-15,4.13,0.02,307.11,7,2032
2022-09-19,4.2,0.07,159.19,7,2032
2022-09-20,4.18,-0.02,168.02,7,2032
2022-09-21,4.2,0.02,170.55,7,2032
2022-09-22,4.24,0.04,72.91,7,2032
2022-09-23,4.27,0.03,117.55,7,2032
2022-09-26,4.34,0.07,31.5,7,2032
2022-09-28,4.42,0.08,7.62,7,2032
2022-09-29,4.43,0.01,135.64,7,2032
2022-09-30,4.41,-0.02,250.58,7,2032
2022-10-03,4.45,0.04,14.21,7,2032
2022-10-04,4.34,-0.11,82.0,7,2032
2022-10-05,4.32,-0.02,46.5,7,2032
2022-10-06,4.38,0.06,9.52,7,2032
2022-10-07,4.33,-0.05,0.44,7,2032
2022-10-11,4.43,0.1,52.1,7,2032
2022-10-13,4.45,0.02,34.51,7,2032
2022-10-14,4.46,0.01,15.15,7,2032
2022-10-17,4.48,0.02,38.09,7,2032
2022-10-18,4.46,-0.02,59.4,7,2032
2022-10-19,4.45,-0.01,67.0,7,2032
2022-10-20,4.5,0.05,0.78,7,2032
2022-10-21,4.57,0.07,145.41,7,2032
2022-10-25,4.52,-0.05,1.44,7,2032
2022-10-26,4.39,-0.13,71.04,7,2032
2022-10-27,4.33,-0.06,12.69,7,2032
2022-10-31,4.37,0.04,135.09,7,2032
2022-11-01,4.31,-0.06,14.98,7,2032
2022-11-02,4.29,-0.02,11.3,7,2032
2022-11-03,4.35,0.06,0.4,7,2032
2022-11-07,4.45,0.1,210.0,7,2032
2022-11-08,4.51,0.06,160.95,7,2032
2022-11-09,4.49,-0.02,1.3,7,2032
2022-11-11,4.4,-0.09,102.77,7,2032
2022-11-14,4.39,-0.01,71.71,7,2032
2022-11-15,4.34,-0.05,117.3,7,2032
2022-11-16,4.31,-0.03,26.17,7,2032
2022-11-17,4.26,-0.05,39.46,7,2032
2022-11-21,4.34,0.08,46.74,7,2032
2022-11-22,4.38,0.04,13.45,7,2032
2022-11-23,4.38,0.0,88.63,7,2032
2022-11-24,4.13,-0.25,142.07,7,2032
2022-11-25,4.1,-0.03,10.37,7,2032
2022-11-29,4.13,0.03,130.22,7,2032
2022-11-30,4.11,-0.02,116.39,7,2032
2022-12-01,4.04,-0.07,217.98,7,2032
2022-12-02,4.02,-0.02,160.98,7,2032
2022-12-05,4.04,0.02,49.28,7,2032
2022-12-06,4.04,0.0,123.0,7,2032
2022-12-07,4.06,0.02,200.0,7,2032
2022-12-08,4.06,0.0,108.77,7,2032
2022-12-09,4.06,0.0,157.79,7,2032
2022-12-12,4.09,0.03,43.58,7,2032
2022-12-13,4.12,0.03,52.41,7,2032
2022-12-14,4.06,-0.06,102.78,7,2032
2022-12-15,4.01,-0.05,1447.04,7,2032
2022-12-16,4.0,-0.01,129.34,7,2032
2022-12-19,3.98,-0.02,90.71,7,2032
2022-12-20,4.05,0.07,11.0,7,2032
2022-12-21,4.06,0.01,190.22,7,2032
2022-12-22,4.05,-0.01,79.71,7,2032
2022-12-23,4.07,0.02,5.0,7,2032
2022-12-28,4.11,0.04,63.0,7,2032
2022-12-29,4.08,-0.03,27.03,7,2032
2022-12-30,4.07,-0.01,106.0,7,2032
2023-01-03,4.01,-0.06,306.57,7,2032
2023-01-04,3.99,-0.02,430.25,7,2032
2023-01-05,4.02,0.03,204.76,7,2032
2023-01-06,4.02,0.0,105.03,7,2032
2023-01-09,3.96,-0.06,509.8,7,2032
2023-01-10,3.94,-0.02,859.83,7,2032
2023-01-11,3.96,0.02,557.01,7,2032
2023-01-12,3.97,0.01,273.65,7,2032
2023-01-13,3.94,-0.03,572.71,7,2032
2023-01-16,3.96,0.02,71.02,7,2032
2023-01-17,3.97,0.01,14.26,7,2032
2023-01-18,3.93,-0.04,397.45,7,2032
2023-01-19,3.72,-0.21,1023.34,7,2032
2023-01-20,3.72,0.0,624.33,7,2032
2023-01-25,3.73,0.01,201.81,7,2032
2023-01-26,3.73,0.0,204.0,7,2032
2023-01-27,3.79,0.06,24.87,7,2032
2023-01-30,3.77,-0.02,32.25,7,2032
2023-01-31,3.8,0.03,54.98,7,2032
2023-02-02,3.76,-0.04,302.12,7,2032
2023-02-03,3.76,0.0,96.46,7,2032
2023-02-07,3.79,0.03,659.22,7,2032
2023-02-08,3.81,0.02,85.89,7,2032
2023-02-09,3.79,-0.02,169.15,7,2032
2023-02-10,3.78,-0.01,61.16,7,2032
2023-02-13,3.9,0.12,165.1,7,2032
2023-02-14,3.88,-0.02,44.02,7,2032
2023-02-15,3.9,0.02,50.1,7,2032
2023-02-16,3.92,0.02,20.93,7,2032
2023-02-17,3.92,0.0,43.36,7,2032
2023-02-20,3.88,-0.04,58.0,7,2032
2023-02-21,3.89,0.01,105.03,7,2032
2023-02-22,3.91,0.02,187.14,7,2032
2023-02-23,3.92,0.01,394.6,7,2032
2023-02-24,3.93,0.01,155.0,7,2032
2023-02-27,3.95,0.02,22.51,7,2032
2023-02-28,3.91,-0.04,345.63,7,2032
2023-03-01,3.92,0.01,92.86,7,2032
2023-03-02,4.01,0.09,183.04,7,2032
2023-03-03,4.05,0.04,772.59,7,2032
2023-03-06,4.05,0.0,256.05,7,2032
2023-03-07,4.02,-0.03,147.2,7,2032
2023-03-08,4.04,0.02,142.02,7,2032
2023-03-09,4.02,-0.02,187.65,7,2032
2023-03-10,3.94,-0.08,430.17,7,2032
2023-03-13,3.89,-0.05,473.42,7,2032
2023-03-14,3.85,-0.04,360.74,7,2032
2023-03-15,3.88,0.03,125.59,7,2032
2023-03-16,3.91,0.03,105.35,7,2032
2023-03-17,3.94,0.03,301.37,7,2032
2023-03-20,3.93,-0.01,183.89,7,2032
2023-03-21,3.95,0.02,291.14,7,2032
2023-03-22,3.93,-0.02,244.34,7,2032
2023-03-23,3.88,-0.05,715.3,7,2032
2023-03-24,3.87,-0.01,242.79,7,2032
2023-03-27,3.88,0.01,14.87,7,2032
2023-03-28,3.89,0.01,90.92,7,2032
2023-03-29,3.9,0.01,194.91,7,2032
2023-03-30,3.93,0.03,40.84,7,2032
2023-03-31,3.91,-0.02,611.69,7,2032
2023-04-03,3.93,0.02,89.25,7,2032
2023-04-04,3.9,-0.03,427.36,7,2032
2023-04-05,3.89,-0.01,226.55,7,2032
2023-04-06,3.85,-0.04,626.92,7,2032
2023-04-07,3.87,0.02,40.0,7,2032
2023-04-10,3.84,-0.03,80.0,7,2032
2023-04-11,3.87,0.03,542.06,7,2032
2023-04-12,3.86,-0.01,115.0,7,2032
2023-04-13,3.82,-0.04,457.42,7,2032
2023-04-14,3.83,0.01,280.54,7,2032
2023-04-17,3.86,0.03,15.59,7,2032
2023-04-18,3.89,0.03,571.58,7,2032
2023-04-19,3.87,-0.02,410.55,7,2032
2023-04-20,3.82,-0.05,405.63,7,2032
2023-04-25,3.76,-0.06,631.86,7,2032
2023-04-26,3.72,-0.04,766.24,7,2032
2023-04-27,3.74,0.02,581.79,7,2032
2023-04-28,3.73,-0.01,537.33,7,2032
2023-05-02,3.74,0.01,570.63,7,2032
2023-05-03,3.7,-0.04,546.41,7,2032
2023-05-05,3.71,0.01,193.32,7,2032
2023-05-08,3.69,-0.02,146.58,7,2032
2023-05-09,3.7,0.01,269.76,7,2032
2023-05-10,3.72,0.02,112.35,7,2032
2023-05-11,3.69,-0.03,416.22,7,2032
2023-05-12,3.64,-0.05,507.92,7,2032
2023-05-15,3.65,0.01,46.35,7,2032
2023-05-16,3.65,0.0,105.5,7,2032
2023-05-17,3.68,0.03,65.8,7,2032
2023-05-18,3.69,0.01,124.57,7,2032
2023-05-19,3.76,0.07,123.53,7,2032
2023-05-22,3.75,-0.01,63.32,7,2032
2023-05-23,3.8,0.05,65.76,7,2032
2023-05-24,3.76,-0.04,58.12,7,2032
2023-05-25,3.81,0.05,82.21,7,2032
2023-05-26,3.76,-0.05,135.59,7,2032
2023-05-29,3.75,-0.01,219.69,7,2032
2023-05-30,3.74,-0.01,91.51,7,2032
2023-05-31,3.7,-0.04,231.62,7,2032
2023-06-01,3.71,0.01,327.01,7,2032
2023-06-02,3.69,-0.02,22.59,7,2032
2023-06-06,3.67,-0.02,105.52,7,2032
2023-06-07,3.7,0.03,31.85,7,2032
2023-06-08,3.75,0.05,65.4,7,2032
2023-06-09,3.72,-0.03,138.3,7,2032
2023-06-12,3.73,0.01,368.16,7,2032
2023-06-13,3.72,-0.01,130.02,7,2032
2023-06-14,3.71,-0.01,43.53,7,2032
2023-06-15,3.73,0.02,78.46,7,2032
2023-06-16,3.75,0.02,191.7,7,2032
2023-06-19,3.76,0.01,24.25,7,2032
2023-06-20,3.76,0.0,1.1,7,2032
2023-06-21,3.78,0.02,23.12,7,2032
2023-06-22,3.81,0.03,179.85,7,2032
2023-06-23,3.82,0.01,140.0,7,2032
2023-06-26,3.84,0.02,10.8,7,2032
2023-06-27,3.82,-0.02,70.36,7,2032
2023-06-28,3.82,0.0,0.03,7,2032
2023-06-30,3.85,0.03,165.33,7,2032
2023-07-03,3.86,0.01,525.81,7,2032
2023-07-04,3.87,0.01,140.78,7,2032
2023-07-05,3.89,0.02,42.5,7,2032
2023-07-06,3.89,0.0,410.01,7,2032
2023-07-07,3.9,0.01,15.91,7,2032
2023-07-10,3.9,0.0,21.8,7,2032
2023-07-11,3.88,-0.02,37.64,7,2032
2023-07-12,3.86,-0.02,151.57,7,2032
2023-07-13,3.8,-0.06,560.0,7,2032
2023-07-14,3.81,0.01,630.93,11,2033
2023-07-17,3.81,0.0,75.5,11,2033
2023-07-18,3.81,0.0,280.0,11,2033
2023-07-20,3.81,0.0,354.9,11,2033
2023-07-21,3.83,0.02,60.0,11,2033
2023-07-24,3.8,-0.03,470.0,11,2033
2023-07-25,3.82,0.02,265.05,11,2033
2023-07-26,3.81,-0.01,257.0,11,2033
2023-07-27,3.8,-0.01,579.39,11,2033
2023-07-28,3.83,0.03,290.44,11,2033
2023-07-31,3.84,0.01,383.91,11,2033
2023-08-01,3.84,0.0,627.66,11,2033
2023-08-02,3.84,0.0,51.0,11,2033
2023-08-03,3.87,0.03,475.69,11,2033
2023-08-04,3.87,0.0,505.47,11,2033
2023-08-07,3.86,-0.01,121.52,11,2033
2023-08-08,3.86,0.0,100.0,11,2033
2023-08-09,3.84,-0.02,86.85,11,2033
2023-08-10,3.83,-0.01,205.38,11,2033
2023-08-11,3.84,0.01,222.1,11,2033
2023-08-14,3.87,0.03,96.65,11,2033
2023-08-15,3.86,-0.01,316.3,11,2033
2023-08-16,3.86,0.0,177.86,11,2033
2023-08-17,3.88,0.02,100.0,11,2033
2023-08-18,3.87,-0.01,123.0,11,2033
2023-08-21,3.88,0.01,40.0,11,2033
2023-08-22,3.86,-0.02,180.0,11,2033
2023-08-23,3.85,-0.01,120.29,11,2033
2023-08-24,3.85,0.0,141.84,11,2033
2023-08-25,3.86,0.01,27.89,11,2033
2023-08-28,3.85,-0.01,60.0,11,2033
2023-08-29,3.83,-0.02,155.6,11,2033
2023-08-30,3.84,0.01,192.3,11,2033
2023-09-01,3.83,-0.01,83.6,11,2033
2023-09-04,3.84,0.01,31.25,11,2033
2023-09-06,3.86,0.02,170.0,11,2033
2023-09-07,3.86,0.0,120.0,11,2033
2023-09-08,3.85,-0.01,20.0,11,2033
2023-09-11,3.87,0.02,170.0,11,2033
2023-09-12,3.88,0.01,160.0,11,2033
2023-09-13,3.9,0.02,220.0,11,2033
2023-09-14,3.88,-0.02,40.4,11,2033
2023-09-15,3.9,0.02,140.0,11,2033
2023-09-18,3.87,-0.03,51.72,11,2033
2023-09-19,3.9,0.03,92.21,11,2033
2023-09-20,3.94,0.04,110.0,11,2033
2023-09-21,3.98,0.04,327.31,11,2033
2023-09-22,4.01,0.03,568.8,11,2033
2023-09-25,3.99,-0.02,4.0,11,2033
2023-09-26,3.98,-0.01,163.0,11,2033
2023-09-27,3.98,0.0,12.73,11,2033
2023-09-29,3.97,-0.01,1.0,11,2033
2023-10-02,3.97,0.0,5.0,11,2033
2023-10-03,4.01,0.04,144.15,11,2033
2023-10-04,4.12,0.11,615.55,11,2033
2023-10-05,4.1,-0.02,32.01,11,2033
2023-10-06,4.05,-0.05,20.5,11,2033
2023-10-09,4.06,0.01,20.37,11,2033
2023-10-10,4.07,0.01,41.0,11,2033
2023-10-11,4.01,-0.06,131.8,11,2033
2023-10-12,4.03,0.02,50.35,11,2033
2023-10-13,4.03,0.0,80.9,11,2033
2023-10-16,4.04,0.01,0.57,11,2033
2023-10-17,4.04,0.0,60.99,11,2033
2023-10-18,4.09,0.05,17.0,11,2033
2023-10-19,4.12,0.03,285.0,11,2033
2023-10-20,4.12,0.0,21.98,11,2033
2023-10-23,4.15,0.03,200.0,11,2033
2023-10-24,4.12,-0.03,40.0,11,2033
2023-10-25,4.13,0.01,54.92,11,2033
2023-10-26,4.15,0.02,68.86,11,2033
2023-10-27,4.11,-0.04,42.68,11,2033
2023-10-30,4.1,-0.01,30.0,11,2033
2023-10-31,4.11,0.01,22.06,11,2033
2023-11-01,4.07,-0.04,77.4,11,2033
2023-11-02,3.98,-0.09,182.44,11,2033
2023-11-03,3.96,-0.02,149.53,11,2033
2023-11-06,3.88,-0.08,237.62,11,2033
2023-11-07,3.87,-0.01,251.73,11,2033
2023-11-09,3.86,-0.01,60.0,11,2033
2023-11-10,3.88,0.02,92.5,11,2033
2023-11-14,3.9,0.02,77.2,11,2033
2023-11-15,3.84,-0.06,177.75,11,2033
2023-11-16,3.85,0.01,50.0,11,2033
2023-11-17,3.84,-0.01,134.12,11,2033
2023-11-20,3.86,0.02,4.52,11,2033
2023-11-21,3.86,0.0,244.86,11,2033
2023-11-22,3.85,-0.01,52.88,11,2033
2023-11-23,3.8,-0.05,328.0,11,2033
2023-11-27,3.87,0.07,7.0,11,2033
2023-11-28,3.84,-0.03,209.97,11,2033
2023-11-29,3.83,-0.01,260.3,11,2033
2023-11-30,3.81,-0.02,374.03,11,2033
2023-12-01,3.82,0.01,135.52,11,2033
2023-12-04,3.82,0.0,49.98,11,2033
2023-12-05,3.78,-0.04,754.58,11,2033
2023-12-06,3.73,-0.05,540.1,11,2033
2023-12-07,3.73,0.0,414.62,11,2033
2023-12-08,3.73,0.0,0.21,11,2033
2023-12-11,3.75,0.02,30.45,11,2033
2023-12-12,3.75,0.0,57.05,11,2033
2023-12-13,3.85,0.1,20.0,11,2033
2023-12-14,3.7,-0.15,529.9,11,2033
2023-12-15,3.75,0.05,591.48,11,2033
2023-12-18,3.73,-0.02,0.03,11,2033
2023-12-19,3.73,0.0,146.65,11,2033
2023-12-20,3.73,0.0,184.31,11,2033
2023-12-21,3.73,0.0,70.44,11,2033
2023-12-22,3.73,0.0,4.8,11,2033
2023-12-26,3.74,0.01,11.0,11,2033
2023-12-27,3.72,-0.02,123.0,11,2033
2023-12-28,3.74,0.02,269.3,11,2033
2023-12-29,3.74,0.0,138.13,11,2033
2024-01-02,3.75,0.01,161.9,11,2033
2024-01-03,3.79,0.04,132.94,11,2033
2024-01-04,3.85,0.06,386.0,11,2033
2024-01-05,3.88,0.03,576.24,11,2033
2024-01-08,3.84,-0.04,482.7,11,2033
2024-01-09,3.81,-0.03,142.59,11,2033
2024-01-10,3.8,-0.01,339.56,11,2033
2024-01-11,3.81,0.01,235.63,11,2033
2024-01-12,3.8,-0.01,227.2,11,2033
2024-01-15,3.81,0.01,193.85,11,2033
2024-01-16,3.82,0.01,117.12,11,2033
2024-01-17,3.87,0.05,491.85,11,2033
2024-01-18,3.84,-0.03,380.79,11,2033
2024-01-19,3.82,-0.02,335.01,11,2033
2024-01-22,3.8,-0.02,120.43,11,2033
2024-01-23,3.81,0.01,30.48,11,2033
2024-01-24,3.8,-0.01,222.1,11,2033
2024-01-26,3.8,0.0,257.81,11,2033
2024-01-29,3.79,-0.01,195.25,11,2033
2024-01-30,3.88,0.09,191.5,11,2033
2024-01-31,3.79,-0.09,222.51,11,2033
2024-02-02,3.76,-0.03,287.28,11,2033
2024-02-05,3.82,0.06,203.1,11,2033
2024-02-06,3.81,-0.01,43.8,11,2033
2024-02-07,3.8,-0.01,280.38,11,2033
2024-02-08,3.81,0.01,150.0,11,2033
2024-02-09,3.81,0.0,95.0,11,2033
2024-02-13,3.82,0.01,0.15,11,2033
2024-02-14,3.85,0.03,345.12,11,2033
2024-02-15,3.82,-0.03,233.5,11,2033
2024-02-16,3.85,0.03,170.12,11,2033
2024-02-19,3.85,0.0,102.0,11,2033
2024-02-20,3.86,0.01,259.26,11,2033
2024-02-21,3.87,0.01,510.0,11,2033
2024-02-22,3.86,-0.01,370.71,11,2033
2024-02-23,3.9,0.04,94.25,11,2033
2024-02-26,3.87,-0.03,240.2,11,2033
2024-02-27,3.87,0.0,151.4,11,2033
2024-02-28,3.88,0.01,67.21,11,2033
2024-02-29,3.86,-0.02,79.22,11,2033
2024-03-01,3.85,-0.01,139.6,11,2033
2024-03-04,3.84,-0.01,198.82,11,2033
2024-03-05,3.85,0.01,132.1,11,2033
2024-03-06,3.84,-0.01,318.0,11,2033
2024-03-07,3.84,0.0,230.68,11,2033
2024-03-08,3.82,-0.02,571.75,11,2033
2024-03-11,3.81,-0.01,246.3,11,2033
2024-03-12,3.82,0.01,92.7,11,2033
2024-03-13,3.84,0.02,105.41,11,2033
2024-03-14,3.85,0.01,502.17,11,2033
2024-03-15,3.87,0.02,402.75,11,2033
2024-03-18,3.87,0.0,87.48,11,2033
2024-03-19,3.89,0.02,455.44,11,2033
2024-03-20,3.88,-0.01,292.57,11,2033
2024-03-21,3.85,-0.03,466.85,11,2033
2024-03-22,3.85,0.0,472.21,11,2033
2024-03-25,3.85,0.0,159.48,11,2033
2024-03-26,3.85,0.0,93.17,11,2033
2024-03-27,3.85,0.0,415.17,11,2033
2024-03-29,3.85,0.0,116.13,11,2033
2024-04-01,3.85,0.0,21.57,11,2033
2024-04-02,3.87,0.02,261.7,11,2033
2024-04-03,3.87,0.0,246.23,11,2033
2024-04-04,3.87,0.0,245.41,11,2033
2024-04-05,3.87,0.0,118.94,11,2033
2024-04-08,3.9,0.03,256.14,11,2033
2024-04-09,3.89,-0.01,78.93,11,2033
2024-04-12,3.91,0.02,300.08,11,2033
2024-04-15,3.92,0.01,333.66,11,2033
2024-04-16,3.95,0.03,218.68,11,2033
2024-04-17,3.98,0.03,547.18,11,2033
2024-04-18,3.96,-0.02,183.94,11,2033
2024-04-19,3.96,0.0,274.24,11,2033
2024-04-22,3.96,0.0,61.92,11,2033
2024-04-23,3.96,0.0,3.89,11,2033
2024-04-24,3.98,0.02,71.95,11,2033
2024-04-25,3.99,0.01,84.48,11,2033
2024-04-26,4.0,0.01,320.0,11,2033
2024-04-29,3.98,-0.02,80.0,11,2033
2024-04-30,3.97,-0.01,97.81,11,2033
2024-05-02,3.96,-0.01,134.66,11,2033
2024-05-03,3.94,-0.02,174.61,11,2033
2024-05-06,3.91,-0.03,124.29,11,2033
2024-05-07,3.91,0.0,16.48,11,2033
2024-05-08,3.91,0.0,180.58,11,2033
2024-05-09,3.93,0.02,140.0,11,2033
2024-05-10,3.92,-0.01,101.78,11,2033
2024-05-13,3.92,0.0,0.85,11,2033
2024-05-14,3.91,-0.01,185.47,11,2033
2024-05-15,3.89,-0.02,318.04,11,2033
2024-05-16,3.85,-0.04,491.81,11,2033
2024-05-17,3.86,0.01,83.2,11,2033
2024-05-20,3.87,0.01,41.5,11,2033
2024-05-21,3.88,0.01,173.02,11,2033
2024-05-23,3.89,0.01,490.83,11,2033
2024-05-24,3.91,0.02,90.3,11,2033
2024-05-27,3.9,-0.01,70.14,11,2033
2024-05-28,3.9,0.0,294.2,11,2033
2024-05-29,3.9,0.0,46.85,11,2033
2024-05-30,3.9,0.0,151.61,11,2033
2024-05-31,3.89,-0.01,301.88,11,2033
2024-06-04,3.88,-0.01,88.26,11,2033
2024-06-05,3.87,-0.01,178.18,11,2033
2024-06-06,3.87,0.0,129.47,11,2033
2024-06-07,3.86,-0.01,114.49,11,2033
2024-06-10,3.87,0.01,70.0,11,2033
2024-06-11,3.87,0.0,100.72,11,2033
2024-06-12,3.86,-0.01,256.0,11,2033
2024-06-13,3.86,0.0,170.77,11,2033
2024-06-14,3.86,0.0,108.0,11,2033
2024-06-18,3.88,0.02,75.25,11,2033
2024-06-19,3.86,-0.02,165.0,11,2033
2024-06-20,3.86,0.0,170.0,11,2033
2024-06-21,3.86,0.0,296.49,11,2033
2024-06-24,3.86,0.0,396.0,11,2033
2024-06-25,3.86,0.0,278.4,11,2033
2024-06-26,3.86,0.0,287.21,11,2033
2024-06-27,3.87,0.01,50.45,11,2033
2024-06-28,3.86,-0.01,384.16,11,2033
2024-07-01,3.88,0.02,197.99,11,2033
2024-07-02,3.87,-0.01,122.38,11,2033
2024-07-03,3.87,0.0,92.42,11,2033
2024-07-04,3.86,-0.01,152.27,11,2033
2024-07-05,3.86,0.0,332.05,11,2033
2024-07-09,3.85,-0.01,143.06,11,2033
2024-07-10,3.85,0.0,39.72,11,2033
2024-07-11,3.84,-0.01,711.03,11,2033
2024-07-12,3.83,-0.01,970.0,11,2033
2024-07-15,3.83,0.0,364.49,11,2033
2024-07-16,3.82,-0.01,311.87,11,2033
2024-07-17,3.79,-0.03,348.29,11,2033
2024-07-18,3.8,0.01,43.88,11,2033
2024-07-19,3.8,0.0,118.06,11,2033
2024-07-22,3.8,0.0,684.85,11,2033
2024-07-23,3.81,0.01,210.0,11,2033
2024-07-24,3.79,-0.02,275.73,11,2033
2024-07-25,3.78,-0.03,604.82,11,2033
2024-07-26,3.78,0.0,60.1,11,2033
2024-07-29,3.76,-0.02,150.0,11,2033
2024-07-30,3.74,-0.02,1074.74,11,2033
2024-07-31,3.72,-0.02,1061.54,11,2033
2024-08-01,3.7,-0.02,651.71,11,2033
2024-08-02,3.71,0.01,369.08,11,2033
2024-08-05,3.69,-0.02,420.46,11,2033
2024-08-06,3.75,0.06,606.74,11,2033
2024-08-07,3.78,0.03,421.3,11,2033
2024-08-08,3.75,-0.03,92.85,11,2033
2024-08-09,3.77,0.02,265.55,11,2033
2024-08-12,3.78,0.01,0.27,11,2033
2024-08-13,3.76,-0.02,287.38,11,2033
2024-08-14,3.76,0.0,192.42,11,2033
2024-08-15,3.77,0.01,236.28,11,2033
2024-08-16,3.78,0.01,70.27,11,2033
2024-08-19,3.78,0.0,40.7,11,2033
2024-08-20,3.77,-0.01,222.5,11,2033
2024-08-21,3.77,0.0,132.6,11,2033
2024-08-22,3.77,0.0,450.31,11,2033
2024-08-23,3.77,0.0,207.34,11,2033
2024-08-26,3.77,0.0,190.68,11,2033
2024-08-27,3.78,0.01,226.66,11,2033
2024-08-28,3.78,0.0,236.07,11,2033
2024-08-29,3.75,-0.03,114.6,7,2034
2024-08-30,3.76,0.01,228.98,7,2034
2024-09-02,3.77,0.01,87.06,7,2034
2024-09-03,3.77,0.0,256.36,7,2034
2024-09-04,3.76,-0.01,226.55,7,2034
2024-09-05,3.75,-0.01,250.19,7,2034
2024-09-06,3.74,-0.01,302.48,7,2034
2024-09-09,3.74,0.0,23.7,7,2034
2024-09-10,3.75,0.01,101.57,7,2034
2024-09-11,3.73,-0.02,400.0,7,2034
2024-09-12,3.73,0.0,142.02,7,2034
2024-09-13,3.72,-0.01,374.0,7,2034
2024-09-17,3.72,0.0,614.9,7,2034
2024-09-18,3.69,-0.03,151.88,7,2034
2024-09-19,3.7,0.01,63.52,7,2034
2024-09-20,3.71,0.01,242.79,7,2034
2024-09-23,3.72,0.01,64.61,7,2034
2024-09-24,3.72,0.0,296.43,7,2034
2024-09-25,3.72,0.0,391.5,7,2034
2024-09-26,3.72,0.0,123.05,7,2034
2024-09-27,3.71,-0.01,196.6,7,2034
2024-09-30,3.71,0.0,406.97,7,2034
2024-10-01,3.72,0.01,97.05,7,2034
2024-10-02,3.72,0.0,462.93,7,2034
2024-10-03,3.72,0.0,449.48,7,2034
2024-10-04,3.75,0.03,111.79,7,2034
2024-10-07,3.77,0.02,298.1,7,2034
2024-10-08,3.77,0.0,105.1,7,2034
2024-10-09,3.77,0.0,111.77,7,2034
2024-10-10,3.79,0.02,124.23,7,2034
2024-10-11,3.79,0.0,251.61,7,2034
2024-10-14,3.8,0.01,60.5,7,2034
2024-10-15,3.8,0.0,121.94,7,2034
2024-10-16,3.78,-0.02,117.36,7,2034
2024-10-17,3.79,0.01,101.78,7,2034
2024-10-18,3.77,-0.02,423.59,7,2034
2024-10-21,3.79,0.02,125.8,7,2034
2024-10-22,3.84,0.05,185.22,7,2034
2024-10-23,3.87,0.03,640.62,7,2034
2024-10-24,3.86,-0.01,326.28,7,2034
2024-10-25,3.87,0.01,0.73,7,2034
2024-10-28,3.9,0.03,84.4,7,2034
2024-10-29,3.93,0.03,28.79,7,2034
2024-10-30,3.92,-0.01,68.53,7,2034
2024-11-01,3.93,0.01,186.8,7,2034
2024-11-04,3.92,-0.01,66.5,7,2034
2024-11-05,3.9,-0.02,108.2,7,2034
2024-11-06,3.93,0.03,110.0,7,2034
2024-11-07,3.91,-0.02,31.35,7,2034
2024-11-08,3.88,-0.03,169.2,7,2034
2024-11-11,3.85,-0.03,151.11,7,2034
2024-11-12,3.87,0.02,62.6,7,2034
2024-11-13,3.88,0.01,39.22,7,2034
2024-11-14,3.89,0.01,25.38,7,2034
2024-11-15,3.88,-0.01,2.7,7,2034
2024-11-18,3.86,-0.02,25.92,7,2034
2024-11-19,3.85,-0.01,50.41,7,2034
2024-11-20,3.81,-0.04,118.56,7,2034
2024-11-21,3.81,0.0,55.63,7,2034
2024-11-22,3.81,0.0,64.09,7,2034
2024-11-25,3.8,-0.01,88.09,7,2034
2024-11-26,3.8,0.0,175.95,7,2034
2024-11-27,3.81,0.01,413.68,7,2034
2024-11-28,3.81,0.0,144.19,7,2034
2024-11-29,3.81,0.0,60.1,7,2034
2024-12-02,3.8,-0.01,208.56,7,2034
2024-12-03,3.81,0.01,27.24,7,2034
2024-12-04,3.78,-0.03,306.62,7,2034
2024-12-05,3.78,0.0,114.3,7,2034
2024-12-06,3.77,-0.01,764.18,7,2034
2024-12-09,3.79,0.02,240.43,7,2034
2024-12-10,3.79,0.0,15.65,7,2034
2024-12-11,3.79,0.0,25.91,7,2034
2024-12-12,3.8,0.01,83.29,7,2034
2024-12-13,3.82,0.02,83.87,7,2034
2024-12-16,3.82,0.0,9.47,7,2034
2024-12-17,3.82,0.0,96.77,7,2034
2024-12-18,3.81,-0.01,23.15,7,2034
2024-12-19,3.83,0.02,641.62,7,2034
2024-12-20,3.85,0.02,66.93,7,2034
2024-12-23,3.84,-0.01,75.78,7,2034
2024-12-24,3.83,-0.01,60.31,7,2034
2024-12-26,3.83,0.0,20.3,7,2034
2024-12-27,3.82,-0.01,8.0,7,2034
2024-12-30,3.81,-0.01,91.41,7,2034
2024-12-31,3.82,0.01,81.31,7,2034
2025-01-02,3.82,0.0,111.63,7,2034
2025-01-03,3.81,-0.01,146.0,7,2034
2025-01-06,3.82,0.01,231.55,7,2034
2025-01-07,3.82,0.0,140.67,7,2034
2025-01-08,3.82,0.0,191.41,7,2034
2025-01-09,3.82,0.0,247.22,7,2034
2025-01-10,3.82,0.0,116.89,7,2034
2025-01-13,3.84,0.02,60.0,7,2034
2025-01-14,3.83,-0.01,170.73,7,2034
2025-01-15,3.82,-0.01,58.43,7,2034
2025-01-16,3.82,0.0,100.8,7,2034
2025-01-17,3.82,0.0,183.88,7,2034
2025-01-20,3.82,0.0,168.19,7,2034
2025-01-21,3.82,0.0,130.61,7,2034
2025-01-22,3.8,-0.02,631.08,7,2034
2025-01-23,3.81,0.01,118.42,7,2034
2025-01-24,3.81,0.0,300.11,7,2034
2025-01-27,3.8,-0.01,130.0,7,2034
2025-01-28,3.8,0.0,8.4,7,2034
2025-01-31,3.81,0.01,109.86,7,2034
2025-02-03,3.81,0.0,56.93,7,2034
2025-02-04,3.82,0.01,308.69,7,2034
2025-02-05,3.81,-0.01,222.61,7,2034
2025-02-06,3.8,-0.01,40.97,7,2034
2025-02-07,3.81,0.01,42.43,7,2034
2025-02-10,3.82,0.01,57.73,7,2034
2025-02-12,3.82,0.0,127.24,7,2034
2025-02-13,3.82,0.0,25.78,7,2034
2025-02-14,3.8,-0.02,305.07,7,2034
2025-02-17,3.79,-0.01,245.6,7,2034
2025-02-18,3.78,-0.01,8.25,7,2034
2025-02-19,3.8,0.02,26.6,7,2034
2025-02-20,3.8,0.0,20.0,7,2034
2025-02-21,3.8,0.0,21.19,7,2034
2025-02-24,3.79,-0.01,50.0,7,2034
2025-02-25,3.78,-0.01,235.95,7,2034
2025-02-26,3.79,0.01,123.09,7,2034
2025-02-27,3.78,-0.01,60.0,7,2034
2025-02-28,3.79,0.01,123.97,7,2034
2025-03-03,3.79,0.0,76.03,7,2034
2025-03-04,3.77,-0.02,120.74,7,2034
2025-03-05,3.77,0.0,578.27,7,2034
2025-03-06,3.77,0.0,177.68,7,2034
2025-03-07,3.77,0.0,163.83,7,2034
2025-03-10,3.77,0.0,40.0,7,2034
2025-03-11,3.76,-0.01,8.86,7,2034
2025-03-12,3.76,0.0,210.62,7,2034
2025-03-13,3.76,0.0,62.02,7,2034
2025-03-14,3.76,0.0,242.7,7,2034
2025-03-17,3.76,0.0,125.77,7,2034
2025-03-19,3.75,-0.01,281.45,7,2034
2025-03-20,3.74,-0.01,354.24,7,2034
2025-03-21,3.73,-0.01,425.86,7,2034
2025-03-24,3.75,0.02,527.27,7,2034
2025-03-25,3.75,0.0,164.27,7,2034
2025-03-26,3.76,0.01,160.72,7,2034
2025-03-27,3.78,0.02,496.31,7,2034
2025-03-28,3.77,-0.01,61.16,7,2034
2025-04-02,3.76,-0.01,319.34,7,2034
2025-04-03,3.73,-0.03,1280.21,7,2034
2025-04-04,3.67,-0.06,1886.85,7,2034
2025-04-07,3.66,-0.01,871.94,7,2034
2025-04-08,3.69,0.03,559.07,7,2034
2025-04-09,3.77,0.08,710.84,7,2034
2025-04-10,3.71,-0.06,1092.95,7,2034
2025-04-11,3.74,0.03,108.63,7,2034
2025-04-14,3.74,0.0,346.2,7,2034
2025-04-15,3.72,-0.02,426.55,7,2034
2025-04-16,3.72,0.0,171.01,7,2034
2025-04-17,3.71,-0.01,383.24,7,2034
2025-04-18,3.69,-0.02,347.76,7,2034
2025-04-21,3.64,-0.05,602.0,7,2034
2025-04-22,3.67,0.03,595.36,7,2034
2025-04-23,3.67,0.0,511.91,7,2034
2025-04-24,3.68,0.01,492.24,7,2034
2025-04-25,3.66,-0.02,230.0,7,2034
2025-04-29,3.65,0.0,397.6,7,2034
2025-04-30,3.66,0.01,569.02,7,2034
2025-05-02,3.67,0.01,367.03,7,2034
2025-05-05,3.67,0.0,121.1,7,2034
2025-05-06,3.65,-0.02,475.03,7,2034
2025-05-07,3.66,0.01,886.8,7,2034
2025-05-08,3.65,-0.01,483.27,7,2034
2025-05-09,3.53,-0.12,518.3,7,2034
2025-05-13,3.59,0.06,813.05,7,2034
2025-05-14,3.58,-0.01,479.75,7,2034
2025-05-15,3.6,0.02,432.04,7,2034
2025-05-16,3.61,0.01,543.45,7,2034
2025-05-19,3.62,0.01,179.48,7,2034
2025-05-20,3.59,-0.03,302.29,7,2034
2025-05-21,3.59,0.0,827.67,7,2034
2025-05-22,3.58,-0.01,409.89,7,2034
2025-05-23,3.59,0.01,154.24,7,2034
2025-05-26,3.56,-0.03,31.69,7,2034
2025-05-27,3.55,-0.01,126.86,7,2034
2025-05-28,3.52,-0.03,273.73,7,2034
2025-05-29,3.55,0.03,459.61,7,2034
2025-05-30,3.52,-0.03,657.84,7,2034
2025-06-03,3.53,0.01,174.37,7,2034
2025-06-04,3.53,0.0,355.32,7,2034
2025-06-05,3.52,-0.01,110.88,7,2034
2025-06-06,3.52,0.0,472.8,7,2034
2025-06-09,3.51,-0.01,153.92,7,2034
2025-06-10,3.53,0.02,2.33,7,2034
2025-06-11,3.56,0.03,187.08,7,2034
2025-06-12,3.55,-0.01,333.77,7,2034
2025-06-13,3.55,0.0,49.37,7,2034
2025-06-16,3.59,0.04,400.15,7,2034
2025-06-17,3.59,0.0,379.01,7,2034
2025-06-18,3.59,0.0,589.57,7,2034
2025-06-19,3.59,0.0,451.52,7,2034
2025-06-20,3.59,0.0,264.35,7,2034
2025-06-23,3.59,0.0,290.46,7,2034
2025-06-24,3.56,-0.03,167.79,7,2034
2025-06-25,3.55,-0.01,153.85,7,2034
2025-06-26,3.52,-0.03,230.87,7,2034
2025-06-30,3.47,-0.05,445.0,7,2035
2025-07-02,3.44,-0.03,20.0,7,2035
2025-07-07,3.44,0.0,10.0,7,2035
2025-07-08,3.44,0.0,41.6,7,2035
2025-07-09,3.44,0.0,144.56,7,2035
2025-07-10,3.43,-0.01,140.0,7,2035
2025-07-11,3.44,0.01,110.0,7,2035
2025-07-15,3.45,0.01,10.13,7,2035
2025-07-16,3.43,-0.02,346.6,7,2035
2025-07-17,3.42,-0.01,120.0,7,2035
2025-07-18,3.42,0.0,58.0,7,2035
2025-07-21,3.42,0.0,3.6,7,2035
2025-07-22,3.42,0.0,11.49,7,2035
2025-07-23,3.42,0.0,71.49,7,2035
2025-07-24,3.4,-0.02,10.2,7,2035
2025-07-25,3.4,0.0,215.0,7,2035
2025-07-28,3.37,-0.03,80.5,7,2035
2025-07-29,3.36,-0.01,12.0,7,2035
2025-07-30,3.37,0.01,218.25,7,2035
2025-07-31,3.37,0.0,322.39,7,2035
2025-08-01,3.4,0.03,464.93,7,2035
2025-08-04,3.39,-0.01,25.35,7,2035
2025-08-05,3.39,0.0,114.97,7,2035
2025-08-06,3.38,-0.01,171.28,7,2035
2025-08-07,3.38,0.0,733.73,7,2035
2025-08-08,3.36,-0.02,163.92,7,2035
2025-08-12,3.39,0.03,220.0,7,2035
2025-08-13,3.38,-0.01,475.06,7,2035
2025-08-14,3.35,-0.03,220.0,7,2035
2025-08-15,3.36,0.01,50.0,7,2035
2025-08-18,3.37,0.01,362.1,7,2035
2025-08-19,3.38,0.01,222.63,7,2035
2025-08-20,3.38,0.0,30.95,7,2035
2025-08-21,3.39,0.01,40.0,7,2035
2025-08-22,3.38,-0.01,22.0,7,2035
2025-08-25,3.36,-0.02,182.2,7,2035
2025-08-26,3.37,0.01,5.0,7,2035
2025-08-27,3.39,0.02,41.0,7,2035
2025-08-28,3.39,0.0,192.3,7,2035
2025-08-29,3.39,0.0,187.59,7,2035
2025-09-02,3.4,0.01,136.29,7,2035
2025-09-03,3.42,0.02,250.0,7,2035
2025-09-04,3.4,-0.02,60.0,7,2035
2025-09-08,3.4,0.0,315.89,7,2035
2025-09-09,3.39,-0.01,240.1,7,2035
2025-09-11,3.43,0.04,181.32,7,2035
2025-09-12,3.41,-0.02,185.75,7,2035
2025-09-17,3.4,-0.01,98.64,7,2035
2025-09-18,3.39,-0.01,84.6,7,2035
2025-09-19,3.4,0.01,164.1,7,2035
2025-09-22,3.43,0.03,282.07,7,2035
2025-09-23,3.41,-0.02,544.38,7,2035
2025-09-24,3.43,0.02,10.0,7,2035
2025-09-25,3.44,0.01,73.0,7,2035
2025-09-26,3.47,0.03,264.21,7,2035
2025-09-29,3.46,-0.01,24.59,7,2035
2025-09-30,3.45,-0.01,94.45,7,2035
2025-10-01,3.45,0.0,29.88,7,2035
2025-10-02,3.46,0.01,251.01,7,2035
2025-10-03,3.44,-0.02,46.0,7,2035
2025-10-06,3.46,0.02,100.0,7,2035
2025-10-07,3.49,0.03,32.0,7,2035
2025-10-08,3.51,0.02,0.35,7,2035
2025-10-09,3.49,-0.02,20.6,7,2035
2025-10-10,3.49,0.0,1.95,7,2035
2025-10-13,3.49,0.0,1.9,7,2035
2025-10-14,3.49,0.0,2.73,7,2035
2025-10-15,3.45,-0.04,135.1,7,2035
2025-10-16,3.46,0.01,51.2,7,2035
2025-10-17,3.46,0.0,3.88,7,2035
2025-10-21,3.47,0.01,3.0,7,2035
2025-10-22,3.48,0.01,11.66,7,2035
2025-10-23,3.48,0.0,41.56,7,2035
2025-10-24,3.49,0.01,69.54,7,2035
2025-10-27,3.49,0.0,42.0,7,2035
2025-10-28,3.49,0.0,1.5,7,2035
2025-10-29,3.48,-0.01,17.68,7,2035
2025-10-30,3.51,0.03,41.0,7,2035
2025-10-31,3.49,-0.02,103.85,7,2035
2025-11-03,3.5,0.01,51.87,7,2035
2025-11-04,3.5,0.0,65.0,7,2035
2025-11-05,3.49,-0.01,110.32,7,2035
2025-11-06,3.49,0.0,10.84,7,2035
2025-11-10,3.5,0.01,27.05,7,2035
2025-11-11,3.49,-0.01,175.38,7,2035
2025-11-12,3.49,0.0,0.1,7,2035
2025-11-13,3.43,-0.06,517.29,7,2035
2025-11-14,3.44,0.01,150.0,7,2035
2025-11-17,3.45,0.01,58.17,7,2035
2025-11-18,3.44,-0.01,192.0,7,2035
2025-11-19,3.43,-0.01,93.58,7,2035
2025-11-20,3.43,0.0,25.04,7,2035
2025-11-21,3.43,0.0,20.6,7,2035
2025-11-25,3.43,0.0,7.14,7,2035
2025-11-26,3.43,0.0,0.3,7,2035
2025-11-27,3.45,0.02,196.6,7,2035
2025-11-28,3.47,0.02,42.66,7,2035
2025-12-01,3.46,-0.01,12.45,7,2035
2025-12-02,3.46,0.0,0.93,7,2035
2025-12-03,3.48,0.02,49.3,7,2035
2025-12-04,3.48,0.0,3.6,7,2035
2025-12-05,3.48,0.0,8.87,7,2035
2025-12-09,3.53,0.05,115.0,7,2035
2025-12-10,3.57,0.04,187.56,7,2035
2025-12-11,3.56,-0.01,35.09,7,2035
2025-12-12,3.58,0.02,755.96,7,2035
2025-12-15,3.57,-0.01,37.0,7,2035
2025-12-16,3.57,0.0,14.25,7,2035
2025-12-17,3.56,-0.01,273.7,7,2035
2025-12-18,3.56,0.0,81.04,7,2035
2025-12-19,3.55,-0.01,373.9,7,2035
2025-12-22,3.55,0.0,20.7,7,2035
2025-12-23,3.53,-0.02,95.0,7,2035
2025-12-24,3.53,0.0,33.1,7,2035
2025-12-29,3.52,-0.01,0.5,7,2035
2025-12-30,3.52,0.0,101.92,7,2035
2025-12-31,3.49,-0.03,408.31,7,2035
2026-01-02,3.5,0.01,0.2,7,2035
2026-01-05,3.5,0.0,139.97,7,2035
2026-01-06,3.51,0.01,345.86,7,2035
2026-01-07,3.51,0.0,78.24,7,2035
2026-01-08,3.51,0.0,187.21,7,2035
2026-01-09,3.51,0.0,60.0,7,2035
2026-01-12,3.53,0.02,150.3,7,2035
2026-01-13,3.54,0.01,120.0,7,2035
2026-01-14,3.54,0.0,25.71,7,2035
2026-01-15,3.54,0.0,38.63,7,2035
2026-01-16,3.54,0.0,739.64,7,2035
2026-01-19,3.56,0.02,95.8,7,2035
2026-01-20,3.58,0.02,24.43,7,2035
2026-01-21,3.56,-0.02,369.13,7,2035
2026-01-22,3.52,-0.04,543.0,7,2035
2026-01-23,3.53,0.01,80.58,7,2035
2026-01-26,3.5,-0.03,100.7,7,2035
2026-01-27,3.49,-0.01,345.33,7,2035
2026-01-28,3.49,0.0,473.44,7,2035
2026-01-29,3.5,0.01,249.28,7,2035
2026-01-30,3.5,0.0,198.67,7,2035
2026-02-03,3.54,0.04,227.1,7,2035
2026-02-04,3.54,0.0,271.43,7,2035
2026-02-05,3.57,0.03,1102.74,7,2035
2026-02-06,3.56,-0.01,1190.0,7,2035
2026-02-09,3.57,0.01,380.0,7,2035
2026-02-10,3.56,-0.01,749.05,7,2035
2026-02-11,3.55,-0.01,611.2,7,2035
2026-02-12,3.55,0.0,483.28,7,2035
2026-02-13,3.54,-0.01,660.43,7,2035
2026-02-16,3.52,-0.02,136.01,7,2035
2026-02-19,3.52,0.0,165.23,7,2035
2026-02-20,3.52,0.0,366.0,7,2035
2026-02-23,3.52,0.0,206.27,7,2035
2026-02-24,3.53,0.01,328.65,7,2035
2026-02-25,3.52,-0.01,1162.98,7,2035
2026-02-26,3.51,-0.01,574.88,7,2035
2026-02-27,3.48,-0.03,460.3,7,2035
2026-03-02,3.49,0.01,346.57,7,2035
2026-03-03,3.54,0.05,194.0,7,2035
2026-03-04,3.54,0.0,432.64,7,2035
2026-03-05,3.54,0.0,42.07,7,2035
2026-03-06,3.55,0.01,99.3,7,2035
2026-03-09,3.59,0.04,431.24,7,2035
2026-03-10,3.55,-0.04,294.7,7,2035
2026-03-11,3.55,0.0,181.65,7,2035
2026-03-12,3.55,0.0,310.0,7,2035
2026-03-13,3.57,0.02,273.38,7,2035
2026-03-16,3.57,0.0,263.47,7,2035
2026-03-17,3.56,-0.01,190.4,7,2035
2026-03-18,3.54,-0.02,212.89,7,2035
2026-03-19,3.56,0.02,560.4,7,2035
2026-03-24,3.58,0.02,375.83,7,2035
2026-03-25,3.58,0.0,4.8,7,2035
2026-03-26,3.6,0.02,382.2,7,2035
2026-03-27,3.63,0.03,71.08,7,2035
2026-03-30,3.65,0.02,103.96,7,2035
2026-03-31,3.63,-0.02,373.66,7,2035
2026-04-01,3.58,-0.05,101.75,7,2035
2026-04-02,3.62,0.04,111.5,7,2035
2026-04-07,3.63,0.01,83.44,7,2035
2026-04-08,3.59,-0.04,114.38,7,2035
2026-04-09,3.6,0.01,43.89,7,2035
2026-04-10,3.59,-0.01,21.85,7,2035
2026-04-13,3.59,0.0,74.0,7,2035
2026-04-14,3.57,-0.02,71.15,7,2035
2026-04-15,3.57,0.0,60.53,7,2035
2026-04-16,3.56,-0.01,201.65,7,2035
2026-04-17,3.58,0.02,240.06,7,2035
2026-04-20,3.58,0.0,5.17,7,2035
2026-04-21,3.55,-0.03,175.5,7,2035
2026-04-22,3.55,0.0,26.35,7,2035
2026-04-23,3.55,0.0,74.18,7,2035
2026-04-24,3.55,0.0,0.43,7,2035
2026-04-27,3.54,-0.01,261.61,7,2035
2026-04-28,3.54,0.0,222.04,7,2035
2026-04-29,3.55,0.01,138.14,7,2035
2026-04-30,3.57,0.02,387.34,7,2035
2026-05-04,3.56,-0.01,306.01,7,2035
2026-05-05,3.57,0.01,60.0,7,2035
2026-05-06,3.57,0.0,57.34,7,2035
2026-05-07,3.56,-0.01,281.15,7,2035
2026-05-08,3.55,-0.01,73.0,7,2035
2026-05-11,3.55,0.0,1.88,7,2035
2026-05-12,3.57,0.02,56.73,7,2035
2026-05-13,3.58,0.01,10.74,7,2035
2026-05-14,3.58,0.0,16.18,7,2035
2026-05-15,3.57,-0.01,403.0,7,2035
2026-05-18,3.59,0.02,165.83,7,2035
2026-05-19,3.61,0.02,36.34,7,2035
2026-05-20,3.61,0.0,45.17,7,2035
2026-05-21,3.61,0.0,133.27,7,2035
2026-05-22,3.61,0.0,78.4,7,2035
2026-05-25,3.58,-0.03,40.0,7,2035
2026-05-26,3.59,0.01,10.0,7,2035
2026-05-28,3.58,-0.01,332.11,7,2035
2026-05-29,3.56,-0.02,98.12,7,2035
2026-06-03,3.55,-0.01,271.32,7,2035
2026-06-04,3.56,0.01,694.76,7,2035
2026-06-05,3.57,0.01,77.14,7,2035
2026-06-08,3.62,0.05,110.0,7,2035
2026-06-09,3.61,-0.01,90.0,7,2035
2026-06-10,3.61,0.0,24.85,7,2035
2026-06-11,3.6,-0.01,3.8,7,2035
2026-06-12,3.58,-0.02,136.0,7,2035
2026-06-15,3.58,0.0,67.71,7,2035
2026-06-16,3.61,0.03,3.29,7,2035
2026-06-18,3.6,-0.01,1.41,7,2035
2026-06-19,3.61,0.01,80.34,7,2035
2026-06-22,3.62,0.01,12.44,7,2035
2026-06-23,3.62,0.0,1.0,7,2035
2026-06-24,3.63,0.01,116.45,7,2035
2026-06-25,3.61,-0.15,30.0,7,2035
2026-06-26,3.61,0.0,430.32,7,2035
2026-06-29,3.6,-0.01,0.13,7,2035
2026-06-30,3.6,0.0,134.81,7,2035
2026-07-01,3.61,0.01,18.47,7,2035
2026-07-02,3.63,0.02,1521.01,7,2035
2026-07-03,3.62,-0.01,560.65,7,2035
2026-07-06,3.61,-0.01,160.0,7,2035
2026-07-07,3.62,0.01,96.24,7,2035
2026-07-08,3.63,0.01,137.15,7,2035
2026-07-09,3.63,0.0,198.0,7,2035
2026-07-10,3.62,-0.01,180.74,7,2035
2026-07-13,3.62,0.0,57.14,7,2035
2026-07-14,3.64,0.02,453.8,7,2035
2026-07-15,3.63,-0.01,301.78,7,2035
2026-07-16,3.63,0.0,91.82,7,2035
2026-07-17,3.65,0.02,102.22,7,2035
2026-07-20,3.65,0.0,40.09,7,2035
2026-07-21,3.66,0.01,43.6,7,2035
2026-07-22,3.67,0.01,96.0,7,2035
2026-07-23,3.69,0.02,439.2,7,2035
2026-07-24,3.7,0.01,232.0,7,2035
2026-07-27,3.69,-0.01,242.0,7,2035
2026-07-28,3.7,0.01,264.15,7,2035
2026-07-29,3.72,0.02,185.3,7,2035
2026-07-30,3.72,0.0,412.47,7,2035
2026-07-31,3.7,-0.02,312.67,7,2035
2026-08-03,3.71,0.01,177.17,7,2035
2026-08-04,3.73,0.02,15.03,7,2035
2026-08-05,3.73,0.0,527.1,7,2035
2026-08-06,3.72,-0.01,75.39,7,2035
2026-08-07,3.72,0.0,2.35,7,2035
2026-08-10,3.73,0.01,110.0,7,2035
2026-08-11,3.74,0.01,28.0,7,2035
2026-08-12,3.74,0.0,60.41,7,2035
2026-08-13,3.74,0.0,168.34,7,2035
2026-08-14,3.74,0.0,131.9,7,2035
2026-08-17,3.74,0.0,110.8,7,2035
2026-08-18,3.74,0.0,5.07,7,2035
2026-08-19,3.76,0.02,60.0,7,2035
2026-08-20,3.76,0.0,77.44,7,2035
2026-08-21,3.77,0.01,379.85,7,2035
2026-08-24,3.8,0.03,81.36,7,2035
